﻿<?xml version="1.0" encoding="UTF-8"?>

<OZCHARTRESOURCE VERSION="2.0">
	<CLASS NAME="直折線圖" TYPE="0">
		<TYPE NAME="折線圖" IMAGE="Line_0">折線圖,顯示隨時間或類別而變化的趨勢線</TYPE>
		<TYPE NAME="堆疊折線圖" IMAGE="Line_1">堆疊折線圖,顯示每一數值所佔大小隨時間或類別而變化的趨勢線</TYPE>
		<TYPE NAME="百分比堆疊折線圖" IMAGE="Line_2">百分比堆疊折線圖,顯示每一數值所佔百分比隨時間或類別而變化的趨勢線</TYPE>
		<TYPE NAME="含資料標記折線圖" IMAGE="Line_3">含資料標記折線圖</TYPE>
		<TYPE NAME="堆疊含資料標記折線圖" IMAGE="Line_4">堆疊含資料標記折線圖</TYPE>
		<TYPE NAME="百分比堆疊含資料標記折線圖" IMAGE="Line_5">百分比堆疊含資料標記折線圖</TYPE>
		<TYPE NAME="三維折線圖" IMAGE="Line_6">三維折線圖</TYPE>
		<TYPE NAME="可旋轉三維折線圖" IMAGE="Line_7">可旋轉三維折線圖</TYPE>
		<TYPE NAME="三維折線圖" IMAGE="Line_8">三維折線圖</TYPE>
		<TYPE NAME="可旋轉三維折線圖" IMAGE="Line_9">可旋轉三維折線圖</TYPE>
	</CLASS>
	<CLASS NAME="橫折線圖" TYPE="13">
		<TYPE NAME="折線圖" IMAGE="HLine_0">折線圖,顯示隨時間或類別而變化的趨勢線</TYPE>
		<TYPE NAME="堆疊折線圖" IMAGE="HLine_1">堆疊折線圖,顯示每一數值所佔大小隨時間或類別而變化的趨勢線</TYPE>
		<TYPE NAME="百分比堆疊折線圖" IMAGE="HLine_2">百分比堆疊折線圖,顯示每一數值所佔百分比隨時間或類別而變化的趨勢線</TYPE>
		<TYPE NAME="含資料標記折線圖" IMAGE="HLine_3">含資料標記折線圖</TYPE>
		<TYPE NAME="堆疊含資料標記折線圖" IMAGE="HLine_4">堆疊含資料標記折線圖</TYPE>
		<TYPE NAME="百分比堆疊含資料標記折線圖" IMAGE="HLine_5">百分比堆疊含資料標記折線圖</TYPE>
	</CLASS>
	<CLASS NAME="直條圖" TYPE="1">
		<TYPE NAME="群組直條圖" IMAGE="Bar_0">群組直條圖,比較相交於類別軸上的數值大小</TYPE>
		<TYPE NAME="堆疊直條圖" IMAGE="Bar_1">堆疊直條圖,比較相交於類別軸上的每一數值所佔總數值的大小</TYPE>
		<TYPE NAME="百分比堆疊直條圖" IMAGE="Bar_2">百分比堆疊直條圖，比較相交於類別軸上的每一數值所佔總數值的百分比大小</TYPE>
		<TYPE NAME="三維群組直條圖" IMAGE="Bar_3">三維群組直條直條圖</TYPE>
		<TYPE NAME="三維堆疊直條圖" IMAGE="Bar_4">三維堆疊直條直條圖</TYPE>
		<TYPE NAME="三維百分比堆疊直條圖" IMAGE="Bar_5">三維百分比堆疊直條直條圖</TYPE>
		<TYPE NAME="三維直條圖" IMAGE="Bar_6">三維直條圖</TYPE>
		<TYPE NAME="可旋轉三維直條圖" IMAGE="Bar_7">可旋轉三維直條圖</TYPE>
		<TYPE NAME="三維直條圖" IMAGE="Bar_8">三維直條圖</TYPE>
		<TYPE NAME="可旋轉三維直條圖" IMAGE="Bar_9">可旋轉三維直條圖</TYPE>
	</CLASS>
	<CLASS NAME="橫條圖" TYPE="2">
		<TYPE NAME="群組橫條圖" IMAGE="HBar_0">群組橫條圖,比較相交於類別軸上的數值大小</TYPE>
		<TYPE NAME="堆疊橫條圖" IMAGE="HBar_1">堆疊橫條圖,比較相交於類別軸上的每一數值所佔總數值的大小</TYPE>
		<TYPE NAME="百分比堆疊橫條圖" IMAGE="HBar_2">百分比堆疊橫條圖,比較相交於類別軸上的每一數值所佔總數值的百分比大小</TYPE>
		<TYPE NAME="三維群組橫條圖" IMAGE="HBar_3">三維群組橫條圖(3D)</TYPE>
		<TYPE NAME="三維堆疊橫條圖" IMAGE="HBar_4">三維堆疊橫條圖</TYPE>
		<TYPE NAME="三維百分比堆疊橫條圖" IMAGE="HBar_5">三維百分比堆疊橫條圖</TYPE>
		
	</CLASS>
	<CLASS NAME="直圓柱圖" TYPE="3">
		<TYPE NAME="群組直圓柱圖" IMAGE="Cylinder_0">群組直圓柱圖,比較相交於類別軸上的數值大小</TYPE>
		<TYPE NAME="堆疊直圓柱圖" IMAGE="Cylinder_1">堆疊直圓柱圖,比較相交於類別軸上的每一數值所佔總數值的大小</TYPE>
		<TYPE NAME="百分比堆疊直圓柱圖" IMAGE="Cylinder_2">百分比堆疊直圓柱圖,比較相交於類別軸上的每一數值所佔總數值的百分比大小</TYPE>
		<TYPE NAME="三維群組直圓柱圖" IMAGE="Cylinder_3">三維群組直圓柱圖</TYPE>
		<TYPE NAME="三維堆疊直圓柱圖" IMAGE="Cylinder_4">三維堆疊直圓柱圖</TYPE>
		<TYPE NAME="三維百分比堆疊直圓柱圖" IMAGE="Cylinder_5">三維百分比堆疊直圓柱圖</TYPE>
		<TYPE NAME="三維直圓柱圖" IMAGE="Cylinder_6">三維直圓柱圖,比較相交於類別軸上的數值大小</TYPE>
		<TYPE NAME="三維直圓柱圖" IMAGE="Cylinder_7">三維直圓柱圖,比較相交於類別軸上的數值大小</TYPE>
	</CLASS>
	<CLASS NAME="橫圓柱圖" TYPE="4">
		<TYPE NAME="群組橫圓柱圖" IMAGE="HCylinder_0">群組橫圓柱圖,比較相交於類別軸上的數值大小</TYPE>
		<TYPE NAME="堆疊橫圓柱圖" IMAGE="HCylinder_1">堆疊橫圓柱圖,比較相交於類別軸上的每一數值所佔總數值的大小</TYPE>
		<TYPE NAME="百分比堆疊橫圓柱圖" IMAGE="HCylinder_2">百分比堆疊橫圓柱圖,比較相交於類別軸上的每一數值所佔總數值的百分比大小</TYPE>
		<TYPE NAME="三維群組橫圓柱圖" IMAGE="HCylinder_3">三維群組橫圓柱圖</TYPE>
		<TYPE NAME="三維堆疊橫圓柱圖" IMAGE="HCylinder_4">三維堆疊橫圓柱圖</TYPE>
		<TYPE NAME="三維百分比堆疊橫圓柱圖" IMAGE="HCylinder_5">三維百分比堆疊橫圓柱圖</TYPE>
	</CLASS>
	<CLASS NAME="圓錐圖" TYPE="5">
		<TYPE NAME="三維群組直圓錐圖" IMAGE="Cone_0">三維群組直圓錐圖</TYPE>
		<TYPE NAME="三維堆疊直圓錐圖" IMAGE="Cone_1">三維堆疊直圓錐圖</TYPE>
		<TYPE NAME="三維百分比堆疊直圓錐圖" IMAGE="Cone_2">三維百分比堆疊直圓錐圖</TYPE>
		<TYPE NAME="三維群組橫圓錐圖" IMAGE="Cone_3">三維群組橫圓錐圖</TYPE>
		<TYPE NAME="三維堆疊橫圓錐圖" IMAGE="Cone_4">三維堆疊橫圓錐圖</TYPE>
		<TYPE NAME="百分比堆疊橫圓錐圖" IMAGE="Cone_5">百分比堆疊橫圓錐圖</TYPE>
		<TYPE NAME="三維直圓錐圖" IMAGE="Cone_6">三維直圓錐圖</TYPE>
		<TYPE NAME="三維直圓錐圖" IMAGE="Cone_7">三維直圓錐圖</TYPE>
	</CLASS>
	
	<CLASS NAME="金字塔圖" TYPE="6">
		<TYPE NAME="三維群組直金字塔圖" IMAGE="Pyramid_0">三維群組直金字塔圖,比較相交於類別軸上的數值大小</TYPE>
		<TYPE NAME="三維堆疊直金字塔圖" IMAGE="Pyramid_1">三維堆疊直金字塔圖,比較相交於類別軸上的每一數值所佔總數值的大小</TYPE>
		<TYPE NAME="三維百分比堆疊直金字塔圖" IMAGE="Pyramid_2">三維百分比堆疊直金字塔圖,比較相交於類別軸上的每一數值所佔總數值的百分比大小</TYPE>
		<TYPE NAME="三維群組橫金字塔圖" IMAGE="Pyramid_3">三維群組橫金字塔圖,比較相交於類別軸上的數值大小</TYPE>
		<TYPE NAME="三維堆疊橫金字塔圖" IMAGE="Pyramid_4">三維堆疊橫金字塔圖,比較相交於類別軸上的每一數值所佔總數值的大小</TYPE>
		<TYPE NAME="百分比堆疊橫金字塔圖" IMAGE="Pyramid_5">百分比堆疊橫金字塔圖,比較相交於類別軸上的每一數值所佔總數值的百分比大小</TYPE>
		<TYPE NAME="三維直金字塔圖" IMAGE="Pyramid_6">三維直金字塔圖,比較相交於類別軸及數列上的數值大小</TYPE>
		<TYPE NAME="三維直金字塔圖" IMAGE="Pyramid_7">三維直金字塔圖,比較相交於類別軸及數列上的數值大小</TYPE>
	</CLASS>
	
	<CLASS NAME="直區域圖" TYPE="7">
		<TYPE NAME="直區域圖" IMAGE="Area_0">直區域圖,顯示隨時間或類別而變化的趨勢</TYPE>
		<TYPE NAME="堆疊直區域圖" IMAGE="Area_1">堆疊直區域圖,顯示每一數值所佔大小隨時間或類別而變化的趨勢</TYPE>
		<TYPE NAME="百分比堆疊直區域圖" IMAGE="Area_2">百分比堆疊直區域圖,顯示每一數值所佔百分比隨時間或類別而變化的趨勢</TYPE>
		<TYPE NAME="三維直區域圖" IMAGE="Area_3">三維直區域圖</TYPE>
		<TYPE NAME="三維堆疊直區域圖" IMAGE="Area_4">三維堆疊直區域圖</TYPE>
		<TYPE NAME="百分比三維堆疊直區域圖" IMAGE="Area_5">百分比三維堆疊直區域圖</TYPE>
		<TYPE NAME="可旋轉三維直區域圖" IMAGE="Area_6">可旋轉三維直區域圖</TYPE>
		<TYPE NAME="三維直區域圖" IMAGE="Area_6">三維直區域圖</TYPE>
		<TYPE NAME="可旋轉三維直區域圖" IMAGE="Area_7">可旋轉三維直區域圖</TYPE>
	</CLASS>
	<CLASS NAME="橫區域圖" TYPE="14">
		<TYPE NAME="橫區域圖" IMAGE="HArea_0">橫區域圖,顯示隨時間或類別而變化的趨勢</TYPE>
		<TYPE NAME="堆疊橫區域圖" IMAGE="HArea_1">堆疊橫區域圖,顯示每一數值所佔大小隨時間或類別而變化的趨勢</TYPE>
		<TYPE NAME="百分比堆疊橫區域圖" IMAGE="HArea_2">百分比堆疊橫區域圖,顯示每一數值所佔百分比隨時間或類別而變化的趨勢</TYPE>
		<TYPE NAME="三維堆疊橫區域圖" IMAGE="HArea_4">三維堆疊橫區域圖</TYPE>
		<TYPE NAME="百分比三維堆疊橫區域圖" IMAGE="HArea_5">百分比三維堆疊橫區域圖</TYPE>
  	</CLASS>

	<CLASS NAME="散佈圖" TYPE="8">
		<TYPE NAME="直散佈圖" IMAGE="Scatter_0">直散佈圖,顯示隨時間或類別而變化的趨勢</TYPE>
		<TYPE NAME="橫散佈圖" IMAGE="Scatter_1">橫散佈圖,顯示隨時間或類別而變化的趨勢</TYPE>
	</CLASS>

	<CLASS NAME="圓形圖" TYPE="9">
		<TYPE NAME="圓形圖" IMAGE="Pie_0">圓形圖,顯示各項目的佔總和的比重</TYPE>
		<TYPE NAME="分裂式圓形圖" IMAGE="Pie_3">分裂式圓形圖,顯示各項目的佔總和的比重</TYPE>
		<TYPE NAME="三維圓形圖" IMAGE="Pie_1">三維圓形圖</TYPE>
		<TYPE NAME="三維分裂式圓形圖" IMAGE="Pie_4">三維分裂式圓形圖</TYPE>
	</CLASS>
	<CLASS NAME="雷達圖" TYPE="10">
		<TYPE NAME="雷達圖" IMAGE="Radiant_0">雷達圖,顯示距離中心的偏移情形.</TYPE>
		<TYPE NAME="堆疊雷達圖" IMAGE="Radiant_1">堆疊雷達圖,顯示距離中心的比重偏移情形.</TYPE>
		<TYPE NAME="百分比堆疊雷達圖" IMAGE="Radiant_2">百分比堆疊雷達圖,顯示距離中心的偏移比重百分比情形.</TYPE>
		<TYPE NAME="含資料標記雷達圖" IMAGE="Radiant_3">含資料標記雷達圖,顯示距離中心的偏移情形.</TYPE>
		<TYPE NAME="百分比含資料標記雷達圖" IMAGE="Radiant_4">百分比含資料標記雷達圖,顯示距離中心的偏移比重百分比情形.</TYPE>
		<TYPE NAME="百分比堆疊含資料標記雷達圖" IMAGE="Radiant_5">百分比堆疊含資料標記雷達圖,顯示距離中心的偏移比重百分比情形.(可旋轉)</TYPE>
	</CLASS>
	
	<CLASS NAME="階段圖" TYPE="11">
		<TYPE NAME="直階段圖" IMAGE="Step_0">直階段圖,顯示隨時間或類別而變化的趨勢</TYPE>
		<TYPE NAME="橫階段圖" IMAGE="Step_1">橫階段圖,顯示隨時間或類別而變化的趨勢</TYPE>
  	</CLASS>
	
		<CLASS NAME="組合圖" TYPE="12">
		<TYPE NAME="直組合圖" IMAGE="Custom_0">直組合圖</TYPE>
		<TYPE NAME="堆疊直組合圖" IMAGE="Custom_1">堆疊直組合圖</TYPE>
		<TYPE NAME="百分比堆疊直組合圖" IMAGE="Custom_2">百分比堆疊直組合圖</TYPE>
		<TYPE NAME="橫組合圖" IMAGE="Custom_3">橫組合圖</TYPE>
		<TYPE NAME="堆疊橫組合圖" IMAGE="Custom_4">堆疊橫組合圖</TYPE>
		<TYPE NAME="百分比堆疊橫組合圖" IMAGE="Custom_5">百分比堆疊橫組合圖</TYPE>
	</CLASS>
	<CLASS NAME="測量錶圖" TYPE="15">
		<TYPE NAME="測量錶圖" IMAGE="Gauge_0">測量錶圖(限2.6版以後)</TYPE>
	</CLASS>
</OZCHARTRESOURCE>
