<?xml version="1.0" encoding="UTF-8"?>
<VIEWERMESSAGERESOURCE VERSION="2.0">
	<TYPE code="1020010000">파라메터</TYPE>
	<TYPE code="1020010009">오즈 서버 또는 서블릿에 대한 정보를 찾을 수 없습니다.</TYPE>
	<TYPE code="1020010010">오즈 서버와 서블릿 주소가 모두 존재합니다. 
하나의 정보만 지정하십시오.</TYPE>
	<TYPE code="1020010012">오즈서버 포트번호가 유효하지 않습니다.</TYPE>
	<TYPE code="1020010013">요청한 보고서가 오즈 서버에 존재하지 않습니다.</TYPE>
	<TYPE code="1020020000">프린트</TYPE>	
	<TYPE code="1020020001">선택한 페이지가 존재하지 않습니다. 인쇄가 취소되었습니다.</TYPE>
	<TYPE code="1020020002">사용자 정의 프린터를 생성하지 못했습니다. 기본프린터를 사용합니다.</TYPE>
	<TYPE code="1020020003">인쇄 중에 오류가 발생했습니다.</TYPE>
	<TYPE code="1020020004">프린터 정보를 얻기위해 필요한 메모리를 할당 할 수 없습니다.</TYPE>
	<TYPE code="1020020005">사용자 PC에 사용할 수 있는 프린터가 존재하지 않습니다.
기본 프린터 혹은 지정된 프린터를 확인하십시오.</TYPE>
	<TYPE code="1020020006">인쇄를 위한 Device Context를 생성하지 못했습니다.</TYPE>
	<TYPE code="1020020007">인쇄 문서를 생성할 수 없습니다.</TYPE>
	<TYPE code="1020020008">인쇄 종료 중 오류가 발생했습니다.</TYPE>
	<TYPE code="1020020009">인쇄 중 페이지 생성을 실패했습니다.</TYPE>
	<TYPE code="1020020010">페이지 인쇄 종료 중 오류가 발생했습니다.</TYPE>
	<TYPE code="1020020011">프린터 초기화 정보를 설정할 수 없습니다.
설정값을 확인하십시오.</TYPE>
	<TYPE code="1020020012">설정된 프린터 옵션 값을 정수로 변환할 수 없습니다.</TYPE>
	<TYPE code="1020030000">리포트 로더</TYPE>
	<TYPE code="1020030001">OZD 패스워드가 일치하지 않습니다.</TYPE>
	<TYPE code="1020030002">리포트 로더를 생성할 수 없습니다.</TYPE>
	<TYPE code="1020030003">데이터 조회 모드를 알 수 없습니다.
오즈 서버 설정값 또는 openfile 설정값을 확인하십시오.</TYPE>
	<TYPE code="1020030004">폼과 데이터 를 가져올 서버 정보가 잘못 설정되었습니다.</TYPE>
	<TYPE code="1020030005">리포트 매니저가 생성되어 있지 않습니다.</TYPE>
	<TYPE code="1020030006">로컬PC에 있는 오즈 데이터 모듈을 처리 중 오류가 발생했습니다.</TYPE>
	<TYPE code="1020030007">폼 파일을 열지 못했습니다.</TYPE>
	<TYPE code="1020030008">폼 파일을 닫지 못했습니다.</TYPE>
	<TYPE code="1020030009">사용자가 추가한 메모 정보를 저장하지 못했습니다.</TYPE>
	<TYPE code="1020030010">리포트 생성 중 오류가 발생했습니다. 재시도를 해보십시오.</TYPE>
	<TYPE code="1020030011">ODI 정보를 찾을 수 없습니다. 
보고서에 정의된 ODI에 대한 정보를 패러미터로 지정하십시오.</TYPE>	
	<TYPE code="1020030012">패러미터 정보를 OZD로 저장 중 오류가 발생했습니다.</TYPE>	
	<TYPE code="1020040000">저장</TYPE>
	<TYPE code="1020040001">입력된 패스워드가 일치하지 않습니다.</TYPE>
	<TYPE code="1020040002">OZD 파일이 변경되었거나 유효하지 않습니다.</TYPE>
	<TYPE code="1020040006">작업폴더 명을 가져오지 못했습니다.</TYPE>
	<TYPE code="1020040007">임시 보고서 폼 파일을 생성하지 못했습니다.</TYPE>
	<TYPE code="1020040008">OZD 파일을 저장하지 못했습니다.</TYPE>
	<TYPE code="1020040011">OZD를 열기 위한 임시 파일을 생성하지 못했습니다.</TYPE>
	<TYPE code="1020040012">이파일은 OZD 파일이 아닙니다.</TYPE>
	<TYPE code="1020040013">OZD 파일이 변경되었거나 유효하지 않습니다.</TYPE>
	<TYPE code="1020050000">바인드 쓰래드</TYPE>
	<TYPE code="1020060000">엑스포트 쓰래드</TYPE>
	<TYPE code="1020070000">도큐먼트</TYPE>
	<TYPE code="1020070001">바인딩한 페이지가 존재하지 않습니다.</TYPE>
	<TYPE code="1020070002">보고서 템플릿 정보가 유효하지 않습니다.</TYPE>
	<TYPE code="1020070003">보고서 바인딩 작업을 수행하지 못했습니다.</TYPE>
	<TYPE code="1020070004">오즈 리포트 매니저를 생성하지 못했습니다.</TYPE>
	<TYPE code="1020070005">리포트 확대/축소 정보를 정수로 변환하지 못했습니다.</TYPE>
	<TYPE code="1020080000">타일 도큐먼트</TYPE>
	<TYPE code="1020080001">보고서 구조 보기 이미지를 생성하지 못했습니다.</TYPE>
	<TYPE code="1020080003">페이지 선택 콘트롤이 유효하지 않습니다.</TYPE>
	<TYPE code="1020090000">엑스포트</TYPE>
	<TYPE code="1020090001">저장할 경로를 입력 또는 선택하세요.</TYPE>
	<TYPE code="1020090002">엑스포트할 컴포넌트가 존재하지 않습니다.</TYPE>
	<TYPE code="1020090003">저장하려는 파일이 열려있습니다. 
편집 중인 문서를 닫고 다시 시도하십시오.</TYPE>
	<TYPE code="1020090004">저장하려는 파일을 정상적으로 닫을 수 없습니다.</TYPE>
	<TYPE code="1020090005">이미지 포맷을 알수 없는 파일입니다.</TYPE>
	<TYPE code="1020090006">지원하지 않는 이미지 포맷입니다.</TYPE>
	<TYPE code="1020090007">지원되지 않는 엑스포트 포멧이거나 현재 옵션에서 지원되지 않는 포멧입니다. </TYPE>
	<TYPE code="1020090008">익스포트할 폴더를 생성할 수 없습니다.</TYPE>
	<TYPE code="1020090009">OZD 파일로 엑스포트 하지 못했습니다.</TYPE>
	<TYPE code="1020090010">엑스포트할 파일이름이 존재하지 않습니다.</TYPE>
	<TYPE code="1020090011">엑스포트 한 파일을 실행 할 수 없습니다.</TYPE>
	<TYPE code="1020090012">JPG 이미지 파일을 생성하지 못했습니다.</TYPE>
	<TYPE code="1020100000">텍스트</TYPE>
	<TYPE code="1020100001">지정된 라인제거값이 숫자가 아닙니다.</TYPE>
	<TYPE code="1020100002">잘못된 페이지 사이의 줄수 입니다.</TYPE>
	<TYPE code="1020110000">워드</TYPE>
	<TYPE code="1020110001">MS-WORD OLE 객체를 생성할 수 없습니다.</TYPE>
	<TYPE code="1020110002">MS-WORD에 설정된 페이지 저장 범위를 벗어났습니다.</TYPE>
	<TYPE code="1020120000">파워포인트</TYPE>
	<TYPE code="1020120001">파워포인트 OLE 객체를 생성할 수 없습니다.</TYPE>
	<TYPE code="1020130000">엑셀</TYPE>
	<TYPE code="1020130001">엑셀 OLE 객체를 생성할 수 없습니다.</TYPE>
	<TYPE code="1020140000">리포트 매니저</TYPE>
	<TYPE code="1020140001">OZD를 저장하기 위한 폼과 데이터 파일이 존재하지 않습니다.</TYPE>
	<TYPE code="1020150000">리포트 뷰</TYPE>
	<TYPE code="1020150001">자식 리포트가 존재하므로 이 리포트를 닫을 수 없습니다.</TYPE>
	<TYPE code="1020150002">현재 페이지 정보를 가져올 수 없습니다.</TYPE>
	<TYPE code="1020150003">현재 페이지를 화면에 그릴 수 없습니다.</TYPE>
	<TYPE code="1020160000">캐쉬</TYPE>
	<TYPE code="1020160001">사용자가 설정한 버전정보와 서버의 폼 파일 버전 정보가 틀립니다. 
서버의 폼 파일의 버전 정보로 캐싱을 합니다.</TYPE>
	<TYPE code="1020160002">캐시할 보고서 폼 파일 크기가 0입니다.</TYPE>
	<TYPE code="1020160003">캐시된 보고서를 읽을 수가 없습니다.</TYPE>
	<TYPE code="1020160004">보고서 폼 파일의 버전 정보를 비교하지 못했습니다.</TYPE>
	<TYPE code="1020160005">임시 파일을 삭제하지 못했습니다.</TYPE>
	<TYPE code="1020160006">인코딩한 캐시 파일 저장시 오류가 발생했습니다.</TYPE>
	<TYPE code="1020160007">버전 정보가 유효하지 않습니다.</TYPE>
	<TYPE code="1020170000">프레임</TYPE>
	<TYPE code="1020170001">현재 보고서를 생성 중입니다.  작업 수행을 완료해야 합니다.</TYPE>
	<TYPE code="1020180000">에플리케이션</TYPE>
	<TYPE code="1020180001">잠금 파일을 릴리즈 하는 중 오류가 발생했습니다.</TYPE>
	<TYPE code="1020180002">뷰어가 사용한 임시 폴더를 삭제 중 오류가 발생했습니다.</TYPE>
	<TYPE code="1020180003">작업폴더를 생성할 수 없습니다.</TYPE>
	<TYPE code="1020180004">도움말 파일을 실행할 수 없습니다.</TYPE>
	<TYPE code="1020200000">PDF</TYPE>
	<TYPE code="1020200001">PDF OLE객체를 생성할 수 없습니다.</TYPE>
	<TYPE code="1020200002">PDF 파일을 생성할 수 없습니다.</TYPE>
	<TYPE code="1020200003">PDF 파일로 저장 작업 중 오류가 발생했습니다.</TYPE>
	<TYPE code="1020220000">일반</TYPE>
	<TYPE code="1020220001">익스포트할 페이지가 존재하지 않습니다.</TYPE>
	<TYPE code="1020220002">알수없는 문제가 발생하였습니다.</TYPE>
	<TYPE code="1020220003">리포트 바인딩 중 에러가 발생하였습니다.
자세한 내용을 보시려면 콘솔로그를 확인하십시오.</TYPE>
	<TYPE code="1020220004">리포트 바인딩 중 에러가 발생하였습니다.
나머지 리포트 바인딩 작업은 수행되지 않습니다.</TYPE>
	<TYPE code="1020230000">다이렉트</TYPE>
	<TYPE code="1020230001">다이렉트 프린트 작업을 수행하지 못했습니다.</TYPE>
	<TYPE code="1020230002">다이렉트 엑스포트 작업을 수행하지 못했습니다.</TYPE>
	<TYPE code="1020240000">프린트 스래드</TYPE>
	<TYPE code="1020240001">리포트를 인쇄하지 못했습니다.</TYPE>
	<TYPE code="1020250000">메모</TYPE>
	<TYPE code="1020250001">메모 정보를 읽지 못했습니다.</TYPE>
	<TYPE code="1020260000">사용자 인터페이스</TYPE>	
	<TYPE code="1020270000">엑티브 엑스</TYPE>	
</VIEWERMESSAGERESOURCE>



