﻿<?xml version="1.0" encoding="UTF-8"?>
<VIEWERMESSAGERESOURCE VERSION="2.0">
	<TYPE code="1020010000">参数</TYPE>
	<TYPE code="1020010009">不适当的参数信息 
	找不到OZ Server或OZ Servlet信息</TYPE>
	<TYPE code="1020010010">OZ Server或OZ Servlet地址不存在. 需要其中之一</TYPE>
	<TYPE code="1020010011">OZ Server或OZ Servlet地址不存在. 需要其中之一</TYPE>
	<TYPE code="1020010012">不适当的OZ Server's port number</TYPE>
	<TYPE code="1020010013">不存在报表于OZ Server</TYPE>
	<TYPE code="1020020000">打印</TYPE>	
	<TYPE code="1020020001">选定的页码不存在</TYPE>
	<TYPE code="1020020002">选定的打印机不存在,使用默认打印机</TYPE>
	<TYPE code="1020020003">失败打印</TYPE>
	<TYPE code="1020020004">为读取打印信息不能公用内存</TYPE>
	<TYPE code="1020020005">没有可使用的打印机</TYPE>
	<TYPE code="1020020006">因未知问题而不能进行打印作业</TYPE>
	<TYPE code="1020020007">不能生成打印文件</TYPE>
	<TYPE code="1020020008">在关闭打印文件中发生错误</TYPE>
	<TYPE code="1020020009">在生成打印文件中发生错误</TYPE>
	<TYPE code="1020020010">在关闭打印文件中发生错误</TYPE>
	<TYPE code="1020020011">不能生成打印初始化信息</TYPE>
	<TYPE code="1020020012"></TYPE>
	<TYPE code="1020030000">报表装载器</TYPE>
	<TYPE code="1020030001">不适当的密码</TYPE>
	<TYPE code="1020030002">从服务器接受报表和数据之后不能生成数据模块装载器</TYPE>
	<TYPE code="1020030003">未知检索模式</TYPE>
	<TYPE code="1020030004">不适当的OZ Server的设定</TYPE>
	<TYPE code="1020030006">HC 数据模块不存在</TYPE>
	<TYPE code="1020030007"></TYPE>
	<TYPE code="1020030008"></TYPE>
	<TYPE code="1020030009"></TYPE>
	<TYPE code="1020030010">从服务器接受报表和数据之后发生错误
数据模块装载器已生成而模板生成失败</TYPE>
	<TYPE code="1020030011">在参数中找不到报表的ODI Key</TYPE>	
	<TYPE code="1020030012">...</TYPE>	
	<TYPE code="1020040000">保存</TYPE>
	<TYPE code="1020040001">不适当的密码</TYPE>
	<TYPE code="1020040002">在OZD文件中存在不适当的SDM信息</TYPE>
	<TYPE code="1020040003">在OZD文件中存在不适当的备忘录信息</TYPE>
	<TYPE code="1020040004">在建立OZD文件中失败生成临时文件</TYPE>
	<TYPE code="1020040005">不适当的密码</TYPE>
	<TYPE code="1020040006"></TYPE>
	<TYPE code="1020040007"></TYPE>
	<TYPE code="1020040008"></TYPE>
	<TYPE code="1020040009"></TYPE>
	<TYPE code="1020040010"></TYPE>
	<TYPE code="1020040011"></TYPE>
	<TYPE code="1020040012"></TYPE>
	<TYPE code="1020040013"></TYPE>
	<TYPE code="1020040014"></TYPE>
	<TYPE code="1020050000">绑定线程</TYPE>
	<TYPE code="1020060000">输出线程</TYPE>
	<TYPE code="1020070000">文件</TYPE>
	<TYPE code="1020070001">没有数据</TYPE>
	<TYPE code="1020070002">失败生成临时报表</TYPE>
	<TYPE code="1020070003"></TYPE>
	<TYPE code="1020070004"></TYPE>
	<TYPE code="1020070005"></TYPE>
	<TYPE code="1020080000">平铺文件</TYPE>
	<TYPE code="1020080001">不能生成平铺图像</TYPE>
	<TYPE code="1020080002">不能生成高解析度的图像</TYPE>
	<TYPE code="1020080003">从页面控制发生错误(发生空值信息)</TYPE>
	<TYPE code="1020090000">输出</TYPE>
	<TYPE code="1020090001">选择或输入保存路径</TYPE>
	<TYPE code="1020090002">输出构件不存在</TYPE>
	<TYPE code="1020090003">文件已打开,关闭先打开的文件</TYPE>
	<TYPE code="1020090004">没关闭好文件</TYPE>
	<TYPE code="1020090005">未知图像格式</TYPE>
	<TYPE code="1020090006">不支持的图像格式</TYPE>
	<TYPE code="1020090007">不支持的输出格式</TYPE>
	<TYPE code="1020090008">不能生成输出文件夹</TYPE>
	<TYPE code="1020090009"></TYPE>
	<TYPE code="1020090010"></TYPE>
	<TYPE code="1020090011">不能执行输出的文件</TYPE>
	<TYPE code="1020100000">Text</TYPE>
	<TYPE code="1020100001">只有数值有效</TYPE>
	<TYPE code="1020110000">Word</TYPE>
	<TYPE code="1020110001">不能生成Word OLE对象</TYPE>
	<TYPE code="1020120000">Powerpoint</TYPE>
	<TYPE code="1020120001">不能生成Powerpoint OLE对象</TYPE>
	<TYPE code="1020130000">Excel</TYPE>
	<TYPE code="1020130001">不能生成Excel OLE对象</TYPE>
	<TYPE code="1020140000">报表管理器</TYPE>
	<TYPE code="1020140001">在建立OZD文件中失败生成临时文件(找不到文件)</TYPE>
	<TYPE code="1020140002"></TYPE>
	<TYPE code="1020150000">Report视图</TYPE>
	<TYPE code="1020150001">因子报表而无法关闭报表</TYPE>
	<TYPE code="1020150002"></TYPE>
	<TYPE code="1020150003"></TYPE>
	<TYPE code="1020160000">缓存</TYPE>
	<TYPE code="1020160001">用户输入的版本和已登记的文件版本信息不一致。请使用缓存中报表版本信息</TYPE>
	<TYPE code="1020160002">客户系统中报表文件大小等于0</TYPE>
	<TYPE code="1020160003"></TYPE>
	<TYPE code="1020160004"></TYPE>
	<TYPE code="1020160005"></TYPE>
	<TYPE code="1020160006"></TYPE>
	<TYPE code="1020160007"></TYPE>
	<TYPE code="1020170000">Frame</TYPE>
	<TYPE code="1020170001"></TYPE>
	<TYPE code="1020180000">应用程序</TYPE>
	<TYPE code="1020180001"></TYPE>
	<TYPE code="1020180004">不能执行帮助文件</TYPE>
	<TYPE code="1020200000">PDF</TYPE>
	<TYPE code="1020200001">不能生成PDF OLE对象</TYPE>
	<TYPE code="1020200002">不能生成文件</TYPE>
	<TYPE code="1020200003"></TYPE>
	<TYPE code="1020220000"></TYPE>
	<TYPE code="1020220001">目的输出页面不存在</TYPE>
	<TYPE code="1020220002">发生未知错误</TYPE>
	<TYPE code="1020230000">直接</TYPE>
	<TYPE code="1020230001"></TYPE>
	<TYPE code="1020230002"></TYPE>
	<TYPE code="1020240000">线程打印</TYPE>
	<TYPE code="1020240001"></TYPE>
	<TYPE code="1020250000">备忘录</TYPE>
	<TYPE code="1020250001"></TYPE>
	<TYPE code="1020260000">使用者界面</TYPE>	
	<TYPE code="1020270000">Active X</TYPE>	
</VIEWERMESSAGERESOURCE>



