<?xml version="1.0" encoding="UTF-8"?>
<SERVERMESSAGERESOURCE VERSION="2.0">
	<TYPE code="10101000"></TYPE>
	<TYPE code="10101001">不能生成資料模組</TYPE>
	<TYPE code="10101002">不能傳送資料模組。請檢查網路。</TYPE>
	<TYPE code="10101003">在資料模組中不能找到設定的資料集。</TYPE>
	<TYPE code="10101004">不適當的參數語法</TYPE>
	<TYPE code="10101005">不能讀取動態的欄位資訊</TYPE>
	<TYPE code="10101006">在生成資料模組中失敗讀取資料</TYPE>
	<TYPE code="10101007">報表資訊和實際資料沒有匹配資料類型</TYPE>
	<TYPE code="10101008">編譯腳本當中發生錯誤</TYPE>
	<TYPE code="10101009">通過HTTP協定不能讀取資料</TYPE>
	<TYPE code="10101010">不適當的URL。 通過HTTP協定不能讀取資料</TYPE>
	<TYPE code="10101011">在檔案資料源設定的檔案不存在</TYPE>
	<TYPE code="10101012">從檔案不能讀取資料</TYPE>
	<TYPE code="10101013">參數值是空值</TYPE>
	<TYPE code="10101014">資料模組不能傳送</TYPE>
	<TYPE code="10102000"></TYPE>
	<TYPE code="10102001">不能接近資料源</TYPE>
	<TYPE code="10102002">在試連接資料庫當中發生錯誤</TYPE>
	<TYPE code="10102003">在試連接資料庫當中發生錯誤</TYPE>
	<TYPE code="10102004">在編譯查詢句當中發生錯誤</TYPE>
	<TYPE code="10102005">在資料庫中不能執行查詢句</TYPE>
	<TYPE code="10102006">使用參數不能編譯查詢句</TYPE>
	<TYPE code="10102007">不能執行查詢句</TYPE>
	<TYPE code="10103000"></TYPE>
	<TYPE code="10103001">UDS 不存在</TYPE>
	<TYPE code="10103002">沒有許可權接近UDS</TYPE>
	<TYPE code="10103003">不能打開資料源</TYPE>
	<TYPE code="10103004">不能初始化資料源</TYPE>
	<TYPE code="10103005">從UDS不能讀取資料</TYPE>
	<TYPE code="10103006">從UDS不能構造資料列</TYPE>
	<TYPE code="10104000"></TYPE>
	<TYPE code="10104001">不能打開資料源</TYPE>
	<TYPE code="10104002">沒有許可權接近資料源類</TYPE>
	<TYPE code="10104003">不能生成資料源類</TYPE>
	<TYPE code="10104004">不能初始化資料源</TYPE>
	<TYPE code="10105000"></TYPE>
	<TYPE code="10105001">不能連接到SAP</TYPE>
	<TYPE code="10106000"></TYPE>
	<TYPE code="10106001">不能找到影像集的原本資料集</TYPE>
	<TYPE code="10106002">不能檢索影像集的原本資料集</TYPE>
	<TYPE code="10106003">從影像集不能檢索資料</TYPE>
	<TYPE code="10106004">從影像集轉換資料中發生錯誤</TYPE>
	<TYPE code="10107000"></TYPE>
	<TYPE code="10107001">從影像集不能檢索資料</TYPE>
	<TYPE code="10108000"></TYPE>
	<TYPE code="10108001">在並行模式不能讀取資料</TYPE>
	<TYPE code="10109000"></TYPE>
	<TYPE code="10109001">不能找到CSV檔案的編碼集</TYPE>
	<TYPE code="10109002">從CSV檔案中不能讀取資料</TYPE>
	<TYPE code="10109003">在CSV檔案沒有欄位資訊</TYPE>
	<TYPE code="10109004">在CSV檔案包括錯誤資訊</TYPE>
	<TYPE code="10110000"></TYPE>
	<TYPE code="10110001">從XML檔案中不能找到對應的節點</TYPE>
	<TYPE code="10110002">不能讀取XML檔案</TYPE>
	<TYPE code="10110003">不適當的XML格式</TYPE>
	<TYPE code="10110004">在解析XML檔案中發生錯誤</TYPE>
	<TYPE code="10120000"></TYPE>
	<TYPE code="10120001">沒有報表可讀取的參數</TYPE>
	<TYPE code="10120002">不能打開報表可讀取參數</TYPE>
	<TYPE code="10120003">不是OZ報表也不是適當的XML檔案</TYPE>
	<TYPE code="10120004">在解析XML檔案中發生錯誤</TYPE>
	<TYPE code="10120005">在生成XML解析器中發生錯誤</TYPE>
	<TYPE code="10601000"></TYPE>
	<TYPE code="10601001">從倉庫不能檢索資料</TYPE>
	<TYPE code="10601002">從倉庫讀取資料中發生錯誤</TYPE>
	<TYPE code="10602000">與倉庫連接或執行查詢句中發生錯誤</TYPE>
	<TYPE code="10602001">插入行於倉庫中發生錯誤</TYPE>
	<TYPE code="10602002">添加行於倉庫中發生錯誤</TYPE>
	<TYPE code="10602003">更新行於倉庫中發生錯誤</TYPE>
	<TYPE code="10603000">與倉庫連接或執行查詢句中發生錯誤</TYPE>
	<TYPE code="10604000">從倉庫使用群資訊當中發生錯誤</TYPE>
	<TYPE code="10604001"></TYPE>
	<TYPE code="10604002"></TYPE>
	<TYPE code="10604003"></TYPE>
	<TYPE code="10604004"></TYPE>
	<TYPE code="10604005"></TYPE>
	<TYPE code="10605000">從倉庫使用用戶資訊當中發生錯誤</TYPE>
	<TYPE code="10605001"></TYPE>
	<TYPE code="10605002">沒有使用者定義參數</TYPE>
	<TYPE code="10605003">密碼密碼必須4位元以上16位以下</TYPE>
	<TYPE code="10605004">沒輸入用戶名</TYPE>
	<TYPE code="10605005"></TYPE>
	<TYPE code="10605006">不能驗證同一的用戶資訊</TYPE>
	<TYPE code="10605007"></TYPE>
	<TYPE code="10605008"></TYPE>
	<TYPE code="10605009">不能驗證用戶連接狀態</TYPE>
	<TYPE code="10605010"></TYPE>
	<TYPE code="10605011"></TYPE>
	<TYPE code="10605012">不能驗證用戶密碼</TYPE>
	<TYPE code="10605013"></TYPE>
	<TYPE code="10605014"></TYPE>
	<TYPE code="10605015"></TYPE>
	<TYPE code="10605016"></TYPE>
	<TYPE code="10605017"></TYPE>
	<TYPE code="10605018"></TYPE>
	<TYPE code="10605019"></TYPE>
	<TYPE code="10605020"></TYPE>
	<TYPE code="10606000">在使用倉庫的元素中發生錯誤</TYPE>
	<TYPE code="10606001"></TYPE>
	<TYPE code="10606002"></TYPE>
	<TYPE code="10606003">不能讀取元素</TYPE>
	<TYPE code="10606004">不能讀取元素</TYPE>
	<TYPE code="10606005">不能檢索元素的存在</TYPE>
	<TYPE code="10606006"></TYPE>
	<TYPE code="10606007"></TYPE>
	<TYPE code="10606008"></TYPE>
	<TYPE code="10606009">找不到元素ID</TYPE>
	<TYPE code="10606010"></TYPE>
	<TYPE code="10606011"></TYPE>
	<TYPE code="10606012"></TYPE>
	<TYPE code="10606013"></TYPE>
	<TYPE code="10606014"></TYPE>
	<TYPE code="10606015"></TYPE>
	<TYPE code="10606016"></TYPE>
	<TYPE code="10606017"></TYPE>
	<TYPE code="10607000">在使用倉庫的目錄資訊中發生錯誤</TYPE>
	<TYPE code="10607001"></TYPE>
	<TYPE code="10607002"></TYPE>
	<TYPE code="10607003">不能讀取目錄ID</TYPE>
	<TYPE code="10607004"></TYPE>
	<TYPE code="10607005">不能檢索目錄的存在</TYPE>
	<TYPE code="10607006"></TYPE>
	<TYPE code="10607007"></TYPE>
	<TYPE code="10608000"></TYPE>
	<TYPE code="10608001"></TYPE>
	<TYPE code="10608002"></TYPE>
	<TYPE code="10608003"></TYPE>
	<TYPE code="10608004"></TYPE>
	<TYPE code="10608005"></TYPE>
	<TYPE code="10608006"></TYPE>
	<TYPE code="10608007"></TYPE>
	<TYPE code="10608008"></TYPE>
	<TYPE code="10609000">使用加密/解碼模組中發生錯誤</TYPE>
	<TYPE code="10609001">使用加密/解碼模組中發生錯誤</TYPE>
	<TYPE code="10609002">使用加密/解碼模組中發生錯誤</TYPE>
	<TYPE code="10609003">使用加密/解碼模組中發生錯誤</TYPE>
	<TYPE code="10609004">使用加密/解碼模組中發生錯誤</TYPE>
	<TYPE code="10609005">使用加密/解碼模組中發生錯誤</TYPE>
	<TYPE code="10609006">使用加密/解碼模組中發生錯誤</TYPE>
	<TYPE code="10609007">使用加密/解碼模組中發生錯誤</TYPE>
	<TYPE code="10901000">伺服器端和用戶端之間傳送資料中在伺服器端發生錯誤、請檢查網路、伺服器和協定版本 </TYPE>
	<TYPE code="10902000">伺服器端和用戶端之間傳送資料中在伺服器端發生錯誤、請檢查網路、伺服器和協定版本</TYPE>
	<TYPE code="10902001">從伺服器不能讀取資料資訊</TYPE>

	<TYPE code="15001000"></TYPE>
	<TYPE code="15001001">找不到srmngr.properties檔案</TYPE>
	<TYPE code="15001002">無法讀取srmngr.properties檔案</TYPE>
	<TYPE code="15001003">不能提供服務</TYPE>
	<TYPE code="15001004">找不到SDM檔案</TYPE>
	<TYPE code="15001005">無法讀取SDM檔案</TYPE>

</SERVERMESSAGERESOURCE>
