﻿<?xml version="1.0" encoding="UTF-8"?>
<VIEWERMESSAGERESOURCE VERSION="2.0">
	<TYPE code="1020010000">參數</TYPE>
	<TYPE code="1020010009">不適當的參數資訊 
	找不到OZ Server或OZ Servlet資訊</TYPE>
	<TYPE code="1020010010">OZ Server或OZ Servlet地址不存在. 需要其中之一</TYPE>
	<TYPE code="1020010011">OZ Server或OZ Servlet地址不存在. 需要其中之一</TYPE>
	<TYPE code="1020010012">不適當的OZ Server's port number</TYPE>
	<TYPE code="1020010013">不存在報表於OZ Server</TYPE>
	<TYPE code="1020020000">列印</TYPE>	
	<TYPE code="1020020001">選定的頁碼不存在</TYPE>
	<TYPE code="1020020002">選定的印表機不存在,使用默認印表機</TYPE>
	<TYPE code="1020020003">失敗列印</TYPE>
	<TYPE code="1020020004">爲讀取列印資訊不能公用記憶體</TYPE>
	<TYPE code="1020020005">沒有可使用的印表機</TYPE>
	<TYPE code="1020020006">因未知問題而不能進行列印作業</TYPE>
	<TYPE code="1020020007">不能生成列印檔案</TYPE>
	<TYPE code="1020020008">在關閉列印檔案中發生錯誤</TYPE>
	<TYPE code="1020020009">在生成列印檔案中發生錯誤</TYPE>
	<TYPE code="1020020010">在關閉列印檔案中發生錯誤</TYPE>
	<TYPE code="1020020011">不能生成列印初始化資訊</TYPE>
	<TYPE code="1020020012"></TYPE>
	<TYPE code="1020030000">報表裝載器</TYPE>
	<TYPE code="1020030001">不適當的密碼</TYPE>
	<TYPE code="1020030002">從伺服器接受報表和資料之後不能生成資料模組裝載器</TYPE>
	<TYPE code="1020030003">未知檢索模式</TYPE>
	<TYPE code="1020030004">不適當的OZ Server的設定</TYPE>
	<TYPE code="1020030006">HC 資料模組不存在</TYPE>
	<TYPE code="1020030007"></TYPE>
	<TYPE code="1020030008"></TYPE>
	<TYPE code="1020030009"></TYPE>
	<TYPE code="1020030010">從伺服器接受報表和資料之後發生錯誤
資料模組裝載器已生成而模板生成失敗</TYPE>
	<TYPE code="1020030011">在參數中找不到報表的ODI Key</TYPE>	
	<TYPE code="1020030012">...</TYPE>	
	<TYPE code="1020040000">保存</TYPE>
	<TYPE code="1020040001">不適當的密碼</TYPE>
	<TYPE code="1020040002">在OZD檔案中存在不適當的SDM資訊</TYPE>
	<TYPE code="1020040003">在OZD檔案中存在不適當的備忘錄資訊</TYPE>
	<TYPE code="1020040004">在建立OZD檔案中失敗生成暫存檔案</TYPE>
	<TYPE code="1020040005">不適當的密碼</TYPE>
	<TYPE code="1020040006"></TYPE>
	<TYPE code="1020040007"></TYPE>
	<TYPE code="1020040008"></TYPE>
	<TYPE code="1020040009"></TYPE>
	<TYPE code="1020040010"></TYPE>
	<TYPE code="1020040011"></TYPE>
	<TYPE code="1020040012"></TYPE>
	<TYPE code="1020040013"></TYPE>
	<TYPE code="1020040014"></TYPE>
	<TYPE code="1020050000">綁定線程</TYPE>
	<TYPE code="1020060000">輸出線程</TYPE>
	<TYPE code="1020070000">檔案</TYPE>
	<TYPE code="1020070001">沒有資料</TYPE>
	<TYPE code="1020070002">失敗生成臨時報表</TYPE>
	<TYPE code="1020070003"></TYPE>
	<TYPE code="1020070004"></TYPE>
	<TYPE code="1020070005"></TYPE>
	<TYPE code="1020080000">平鋪檔案</TYPE>
	<TYPE code="1020080001">不能生成平鋪圖像</TYPE>
	<TYPE code="1020080002">不能生成高解析度的圖像</TYPE>
	<TYPE code="1020080003">從頁面控制發生錯誤(發生空值資訊)</TYPE>
	<TYPE code="1020090000">輸出</TYPE>
	<TYPE code="1020090001">選擇或輸入保存路徑</TYPE>
	<TYPE code="1020090002">輸出構件不存在</TYPE>
	<TYPE code="1020090003">檔案已打開,關閉先打開的檔案</TYPE>
	<TYPE code="1020090004">沒關閉好檔案</TYPE>
	<TYPE code="1020090005">未知圖像格式</TYPE>
	<TYPE code="1020090006">不支援的圖像格式</TYPE>
	<TYPE code="1020090007">不支援的輸出格式</TYPE>
	<TYPE code="1020090008">不能生成輸出檔案夾</TYPE>
	<TYPE code="1020090009"></TYPE>
	<TYPE code="1020090010"></TYPE>
	<TYPE code="1020090011">不能執行輸出的檔</TYPE>
	<TYPE code="1020100000">Text</TYPE>
	<TYPE code="1020100001">只有數值有效</TYPE>
	<TYPE code="1020110000">Word</TYPE>
	<TYPE code="1020110001">不能生成Word OLE物件</TYPE>
	<TYPE code="1020120000">Powerpoint</TYPE>
	<TYPE code="1020120001">不能生成Powerpoint OLE物件</TYPE>
	<TYPE code="1020130000">Excel</TYPE>
	<TYPE code="1020130001">不能生成Excel OLE物件</TYPE>
	<TYPE code="1020140000">報表管理器</TYPE>
	<TYPE code="1020140001">在建立OZD檔案中失敗生成暫存檔案(找不到檔案)</TYPE>
	<TYPE code="1020140002"></TYPE>
	<TYPE code="1020150000">Report視圖</TYPE>
	<TYPE code="1020150001">因數報表而無法關閉報表</TYPE>
	<TYPE code="1020150002"></TYPE>
	<TYPE code="1020150003"></TYPE>
	<TYPE code="1020160000">緩存</TYPE>
	<TYPE code="1020160001">用戶輸入的版本和已登記的檔案版本資訊不一致。請使用緩存中報表版本資訊</TYPE>
	<TYPE code="1020160002">客戶系統中報表檔案大小等於0</TYPE>
	<TYPE code="1020160003"></TYPE>
	<TYPE code="1020160004"></TYPE>
	<TYPE code="1020160005"></TYPE>
	<TYPE code="1020160006"></TYPE>
	<TYPE code="1020160007"></TYPE>
	<TYPE code="1020170000">Frame</TYPE>
	<TYPE code="1020170001"></TYPE>
	<TYPE code="1020180000">應用程式</TYPE>
	<TYPE code="1020180001"></TYPE>
	<TYPE code="1020180004">不能執行幫助檔案</TYPE>
	<TYPE code="1020200000">PDF</TYPE>
	<TYPE code="1020200001">不能生成PDF OLE物件</TYPE>
	<TYPE code="1020200002">不能生成檔案</TYPE>
	<TYPE code="1020200003"></TYPE>
	<TYPE code="1020220000"></TYPE>
	<TYPE code="1020220001">目的輸出頁面不存在</TYPE>
	<TYPE code="1020220002">發生未知錯誤</TYPE>
	<TYPE code="1020230000">直接</TYPE>
	<TYPE code="1020230001"></TYPE>
	<TYPE code="1020230002"></TYPE>
	<TYPE code="1020240000">線程列印</TYPE>
	<TYPE code="1020240001"></TYPE>
	<TYPE code="1020250000">備忘錄</TYPE>
	<TYPE code="1020250001"></TYPE>
	<TYPE code="1020260000">使用者介面</TYPE>	
	<TYPE code="1020270000">Active X</TYPE>	
</VIEWERMESSAGERESOURCE>
