<?xml version="1.0" encoding="UTF-8"?>
<!-- edited with XML Spy v4.3 U (http://www.xmlspy.com) by aaa (aaa) -->
<SERVERMESSAGERESOURCE VERSION="2.0">
	<TYPE code="10101000"/>
	<TYPE code="10101001">OZサーバのキャッシュ形式が正しくないため、DMを生成することができません。</TYPE>
	<TYPE code="10101002">DMを配信することができません。ネットワーク設定を確認してください。</TYPE>
	<TYPE code="10101003">データセット名に合わせてバインディング時にDMで指定した要請したデータセットが存在しません。</TYPE>
	<TYPE code="10101004">パラメータ名を使用する文法が正しくありません。</TYPE>
	<TYPE code="10101005">フィールド情報を動的に読み込むことができません。</TYPE>
	<TYPE code="10101006">DMを生成中に元データセットからデータを取り込むことができません。</TYPE>
	<TYPE code="10101007">DMを生成することができません。</TYPE>
	<TYPE code="10101008">スクリプトクエリのコンパイル時にエラーが発生しました。</TYPE>
	<TYPE code="10101009">HTTPストアでデータを読み込むことができません。</TYPE>
	<TYPE code="10101010">HTTPストアのURLが正しくないため、データを読み込むことができません。</TYPE>
	<TYPE code="10101011">FILEストアに設定されたファイルが見つかりません。</TYPE>
	<TYPE code="10101012">FILEストアでファイルからデータを読み込むことができません。</TYPE>
	<TYPE code="10101013">パラメータ値が設定されていません。</TYPE>
	<TYPE code="10101014">OZサーバの設定により、DMを転送することができません。</TYPE>
	<TYPE code="10102000"/>
	<TYPE code="10102001">DBエイリアス名を使用してDBへアクセスすることができません。</TYPE>
	<TYPE code="10102002">データを取り込むためにDBへアクセスする際に一般エラーが発生しました。</TYPE>
	<TYPE code="10102003">データを取り込むためにDBへアクセスする際に例外エラーが発生しました。</TYPE>
	<TYPE code="10102004">クエリを実行する際にエラーが発生しました。</TYPE>
	<TYPE code="10102005">クエリを実行することができません。</TYPE>
	<TYPE code="10102006">パラメータを使用してクエリを実行する際にエラーが発生しました。</TYPE>
	<TYPE code="10102007">クエリを実行することができません。</TYPE>
	<TYPE code="10103000"/>
	<TYPE code="10103001">UDSクラスを読み込むことができません。</TYPE>
	<TYPE code="10103002">UDSにアクセスする権限がありません。</TYPE>
	<TYPE code="10103003">UDSの生成中に例外エラーが発生しました。</TYPE>
	<TYPE code="10103004">UDSの初期化中にエラーが発生しました。</TYPE>
	<TYPE code="10103005">UDSでデータを取り込むことができません。</TYPE>
	<TYPE code="10103006">UDSでデータリストの構成中にエラーが発生しました。</TYPE>
	<TYPE code="10104000"/>
	<TYPE code="10104001">マルチセットUDSクラスの読み込むことができません。</TYPE>
	<TYPE code="10104002">マルチセットUDSにアクセスする権限がありません。</TYPE>
	<TYPE code="10104003">マルチセットUDSの作成中にエラーが発生しました。</TYPE>
	<TYPE code="10104004">マルチセットUDSの初期化中にエラーが発生しました。</TYPE>
	<TYPE code="10105000"/>
	<TYPE code="10105001">SAPに接続することができません。</TYPE>
	<TYPE code="10106000"/>
	<TYPE code="10106001">GDSの元データセットが見つかりません。</TYPE>
	<TYPE code="10106002">GDSの元データセットからデータを取り込むことができません。</TYPE>
	<TYPE code="10106003">GDSの元データセットとマスタセットが同一です。</TYPE>
	<TYPE code="10106004">GDSの元データセットを処理する際にエラーが発生しました。</TYPE>
	<TYPE code="10107000"/>
	<TYPE code="10107001">GDSのためのDMへの変換に失敗しました。データを取り込むことができません。</TYPE>
	<TYPE code="10108000"/>
	<TYPE code="10108001">CONCURRENTモードでデータを転送することができません。</TYPE>
	<TYPE code="10109000"/>
	<TYPE code="10109001">CSVファイルのエンコードが有効な形式ではありません。</TYPE>
	<TYPE code="10109002">CSVファイルのデータを読み込むことができません。</TYPE>
	<TYPE code="10109003">CSVファイルにフィールド情報がありません。</TYPE>
	<TYPE code="10109004">CSVファイルにエラー情報が含まれていません。</TYPE>
	<TYPE code="10110000"/>
	<TYPE code="10110001">XMLファイルでデータセットに該当するノードが見つかりません。</TYPE>
	<TYPE code="10110002">XMLファイルを読み込むことができません。</TYPE>
	<TYPE code="10110003">XMLファイル形式が正しくありません。</TYPE>
	<TYPE code="10110004">XMLファイルを処理する際にエラーが発生しました。</TYPE>
	<TYPE code="10120000"/>
	<TYPE code="10120001">該当ファイルがリポジトリに存在しないため、パラメータを読み込むことができません。</TYPE>
	<TYPE code="10120002">パラメータを読み込む際にエラーが発生しました。</TYPE>
	<TYPE code="10120003">OZテンプレート形式ではありません。</TYPE>
	<TYPE code="10120004">テンプレートまたはODIファイルを処理する際にエラーが発生しました。</TYPE>
	<TYPE code="10120005">テンプレートまたはODIファイルのパーサを生成する際にエラーが発生しました。</TYPE>
	<TYPE code="10601000"/>
	<TYPE code="10601001">リポジトリからアイテムを取り込むことができません。</TYPE>
	<TYPE code="10601002">リポジトリからアイテムを取り込む際にエラーが発生しました。</TYPE>
	<TYPE code="10602000">リポジトリに接続する際にエラーが発生しました。</TYPE>
	<TYPE code="10602001">リポジトリにアイテムを追加する際にエラーが発生しました。</TYPE>
	<TYPE code="10602002">リポジトリからアイテムを削除する際にエラーが発生しました。</TYPE>
	<TYPE code="10602003">リポジトリのアイテムを更新する際にエラーが発生しました。</TYPE>
	<TYPE code="10603000">BUILTINリポジトリに接続する際にエラーが発生しました。</TYPE>
	<TYPE code="10604000">リポジトリでグループ情報を使用する際にエラーが発生しました。</TYPE>
	<TYPE code="10604001"/>
	<TYPE code="10604002"/>
	<TYPE code="10604003"/>
	<TYPE code="10604004"/>
	<TYPE code="10604005"/>
	<TYPE code="10605000">リポジトリでユーザ情報を使用する際にエラーが発生しました。</TYPE>
	<TYPE code="10605001"/>
	<TYPE code="10605002">パスワードが入力されていません。</TYPE>
	<TYPE code="10605003">パスワードは4文字以上16文字以内です。</TYPE>
	<TYPE code="10605004">ユーザ名が入力されていません。</TYPE>
	<TYPE code="10605005"/>
	<TYPE code="10605006">ユーザ情報の確認に失敗しました。</TYPE>
	<TYPE code="10605007"/>
	<TYPE code="10605008"/>
	<TYPE code="10605009">ユーザの接続状態を確認することができません。</TYPE>
	<TYPE code="10605010"/>
	<TYPE code="10605011"/>
	<TYPE code="10605012">パスワードを確認することができません。</TYPE>
	<TYPE code="10605013"/>
	<TYPE code="10605014"/>
	<TYPE code="10605015"/>
	<TYPE code="10605016"/>
	<TYPE code="10605017"/>
	<TYPE code="10605018"/>
	<TYPE code="10605019"/>
	<TYPE code="10605020"/>
	<TYPE code="10606000">アイテム情報の使用中にエラーが発生しました。</TYPE>
	<TYPE code="10606001"/>
	<TYPE code="10606002"/>
	<TYPE code="10606003">アイテムを直接取り込むことができません。</TYPE>
	<TYPE code="10606004">アイテムを取り込むことができません。</TYPE>
	<TYPE code="10606005">アイテムの存在を確認することができません。</TYPE>
	<TYPE code="10606006"/>
	<TYPE code="10606007"/>
	<TYPE code="10606008"/>
	<TYPE code="10606009">アイテムIDが見つかりません。</TYPE>
	<TYPE code="10606010"/>
	<TYPE code="10606011"/>
	<TYPE code="10606012"/>
	<TYPE code="10606013"/>
	<TYPE code="10606014"/>
	<TYPE code="10606015"/>
	<TYPE code="10606016"/>
	<TYPE code="10606017"/>
	<TYPE code="10607000">カテゴリ情報の使用中にエラーが発生しました。</TYPE>
	<TYPE code="10607001"/>
	<TYPE code="10607002"/>
	<TYPE code="10607003">カテゴリIDを取り込むことができません。</TYPE>
	<TYPE code="10607004"/>
	<TYPE code="10607005">カテゴリの存在を確認することができません。</TYPE>
	<TYPE code="10607006"/>
	<TYPE code="10607007"/>
	<TYPE code="10607008"/>
	<TYPE code="10607009"/>
	<TYPE code="10608000"/>
	<TYPE code="10608001"/>
	<TYPE code="10608002"/>
	<TYPE code="10608003"/>
	<TYPE code="10608004"/>
	<TYPE code="10608005"/>
	<TYPE code="10608006"/>
	<TYPE code="10608007"/>
	<TYPE code="10608008"/>
	<TYPE code="10609000">リポジトリで暗号化モジュールを使用する際にエラーが発生しました。</TYPE>
	<TYPE code="10609001">リポジトリで暗号化キーを含むファイルが見つかりません。</TYPE>
	<TYPE code="10609002">リポジトリで暗号化キーを含むファイルを読み込むことができません。</TYPE>
	<TYPE code="10609003">リポジトリで暗号化アルゴリズムが見つかりません。</TYPE>
	<TYPE code="10609004">暗号化モジュールを使用する際にエラーが発生しました。</TYPE>
	<TYPE code="10609005">暗号化モジュールを使用する際にエラーが発生しました。</TYPE>
	<TYPE code="10609006">暗号化キーが正しくありません。</TYPE>
	<TYPE code="10609007">リポジトリで暗号化コードが作成できません。</TYPE>
	<TYPE code="10901000">OZサーバからクライアントへの通信中にエラーが発生しました。ネットワーク状態やサーバのプロトコルバージョン等を確認してください。</TYPE>
	<TYPE code="10902000">OZ Report ViewerからOZサーバへの通信中にエラーが発生しました。ネットワーク状態やサーバのプロトコルバージョン等を確認してください。</TYPE>
	<TYPE code="10902001">OZ Report Viewer側でOZサーバからのデータ情報を読み込むことができません。</TYPE>
	<TYPE code="15001000"/>
	<TYPE code="15001001">"％OZ_HOME％/conf/srmngr.properties"ファイルが見つかりません。</TYPE>
	<TYPE code="15001002">"％OZ_HOME％/conf/srmngr.properties"ファイルを読み込むことができません。</TYPE>
	<TYPE code="15001003">SDM配信サービスを提供することができません。</TYPE>
	<TYPE code="15001004">SDMファイルが見つかりません。</TYPE>
	<TYPE code="15001005">SDMファイルを読み込むことができません。</TYPE>
	<TYPE code="10903000">要請したサービスは現在運用中のサーバではサポートしません。</TYPE>
	<TYPE code="17001001">データバインドを設定するファイルが存在しません。</TYPE>
</SERVERMESSAGERESOURCE>
