<?xml version="1.0" encoding="UTF-8"?>
<SERVERMESSAGERESOURCE VERSION="2.0">
	<TYPE code="10101000"/>
	<TYPE code="10101001">ไม่สามารถสร้างโมดูลข้อมูลได้</TYPE>
	<TYPE code="10101002">ไม่สามารถส่งโมดูลข้อมูลได้ กรุณาตรวจสอบเครือข่าย</TYPE>
	<TYPE code="10101003">ไม่สามารถค้นหาชุดข้อมูลที่ต้องการในโมดูลข้อมูล</TYPE>
	<TYPE code="10101004">รูปแบบพารามิเตอร์ไม่ถูกต้อง</TYPE>
	<TYPE code="10101005">ไม่สามารถอ่านฟิลด์ข้อมูลข่าวสาร</TYPE>

	<TYPE code="10101006">ไม่สามารถอ่านข้อมูลจากแหล่งข้อระหว่างเวลากำลังสร้างโมดูลข้อมูล</TYPE>
	<TYPE code="10101007">ประเภทข้อมูลไม่ตรงกันระหว่างแหล่งข้อมูลกับรายงาน</TYPE>
	<TYPE code="10101008">ปัญหาที่เกิดขึ้นขณะ compiling script.</TYPE>
	<TYPE code="10101009">ไม่สามารถอ่านข้อมูลผ่านโพโตคอล HTTP.</TYPE>
	<TYPE code="10101010">URL ไม่ถูกต้อง.ไม่สามารถอ่านข้อมูลจาก โปโตคอล HTTP.</TYPE>
	<TYPE code="10101011">ไม่สามารถหาแฟ้มที่ระบุในที่เก็บแฟ้ม</TYPE>

	<TYPE code="10101012">ไม่สามารถอ่านข้อมูลจากแฟ้ม</TYPE>
	<TYPE code="10101013">ค่าพารามิเตอร์ไม่มีค่า.</TYPE>
	<TYPE code="10101014">โมดูลข้อมูลไม่สามารถส่งได้</TYPE>
	<TYPE code="10102000"/>
	<TYPE code="10102001">ไม่สามารถเข้าถึงแหล่งข้อมูลได้.</TYPE>
	<TYPE code="10102002">ปัญหาเกิดขึ้นขณะพยายามที่จะเชื่อมต่อฐานข้อมูล</TYPE>

	<TYPE code="10102003">ปัญหาเกิดขึ้นขณะพยายามที่จะเชื่อมต่อฐานข้อมูล</TYPE>
	<TYPE code="10102004">Error occurred while compiling the query.</TYPE>
	<TYPE code="10102005">Cannot execute query in DB.</TYPE>
	<TYPE code="10102006">Cannot compile query using the parameter.</TYPE>
	<TYPE code="10102007">Cannot execute query.</TYPE>
	<TYPE code="10103000"/>

	<TYPE code="10103001">UDS ไม่ได้เปิด</TYPE>
	<TYPE code="10103002">No privilege to access UDS.</TYPE>
	<TYPE code="10103003">ไม่สามารถเปิดที่เก็บ</TYPE>
	<TYPE code="10103004">ไม่สามารถจัดเตรียมการจัดเก็บ.</TYPE>
	<TYPE code="10103005">ไม่สามารถอ่านข้อมูลจาก UDS</TYPE>
	<TYPE code="10103006">ไม่สามารถรวบรวมรายการข้อมูลจาก UDS.</TYPE>

	<TYPE code="10104000"/>
	<TYPE code="10104001">ไม่สามารถเปิดที่เก็บ</TYPE>
	<TYPE code="10104002">ไม่มีสิทธิพิเศษในการเข้าสู่พื้นที่เก็บ.</TYPE>
	<TYPE code="10104003">ไม่สามารถสร้าง คลาสที่เก็บ</TYPE>
	<TYPE code="10104004">ไม่สามารถจัดเตรียมพื้นที่เก็บ.</TYPE>
	<TYPE code="10105000"/>
	<TYPE code="10105001">ไม่สามารถเชื่อมไปยัง SAP</TYPE>

	<TYPE code="10106000"/>
	<TYPE code="10106001">ไม่สามารถค้นหาฐานข้อมูลต้นแบบของกลุ่มที่เก็บ</TYPE>
	<TYPE code="10106002">ไม่สามารถกู้คืนแหล่งข้อมูลต้นฉบับของกลุ่มที่เก็บ</TYPE>
	<TYPE code="10106003">ไม่สามารถกู้คืนข้อมูลจากกลุ่มที่เก็บ</TYPE>
	<TYPE code="10106004">ปัญหาที่เกิดขึ้นขณะกำลังแปลงค่าข้อมูลจากกลุ่มที่เก็บ</TYPE>
	<TYPE code="10107000"/>
	<TYPE code="10107001">ไม่สามารถกู้คืนข้อมูลจากกลุ่มที่เก็บ</TYPE>

	<TYPE code="10108000"/>
	<TYPE code="10108001">ไม่สามารถอ่านข้อมูลในโหมดพร้อมกัน</TYPE>
	<TYPE code="10109000"/>
	<TYPE code="10109001">Cannot find encoding set of CSV file</TYPE>
	<TYPE code="10109002">ไม่สามารถอ่านข้อมูลจาก แฟ้ม CSV</TYPE>
	<TYPE code="10109003">ไม่มีแฟ้มข้อมูลใน แฟ้ม CSV</TYPE>
	<TYPE code="10109004">ปัญหาข้อความที่อยู่ในแฟ้ม CSV </TYPE>

	<TYPE code="10110000"/>
	<TYPE code="10110001">Cannot find the corresponding node to the data set in the XML</TYPE>
	<TYPE code="10110002">ไม่สามารถอ่านเอกสาร XML</TYPE>
	<TYPE code="10110003">รูปแบบ  XML ใช้ไม่ได้</TYPE>
	<TYPE code="10110004">Error occurred while parsing XML</TYPE>
	<TYPE code="10120000"/>
	<TYPE code="10120001">ไม่มีรายงานที่อ่านพารามิเตอร์</TYPE>

	<TYPE code="10120002">ไม่สามารถเปิดรายงานที่กำหนดสำหรับกำลังอ่านพารามิเตอร์</TYPE>
	<TYPE code="10120003">It is not an OZ report form nor a valid XML.</TYPE>
	<TYPE code="10120004">Error occurred while parsing XML</TYPE>
	<TYPE code="10120005">Error occurred while creating XML parser</TYPE>
	<TYPE code="10601000"/>
	<TYPE code="10601001">Cannot retrieve data from repository DB</TYPE>

	<TYPE code="10601002">Error occurred while getting data from repository DB</TYPE>
	<TYPE code="10602000">Error occurred while connecting to repository DB or executing query in the repository DB</TYPE>
	<TYPE code="10602001">Error occurred while inserting rows into the repository DB</TYPE>
	<TYPE code="10602002">Error occurred while adding rows into the repository DB</TYPE>
	<TYPE code="10602003">Error occurred while updating rows into the repository DB</TYPE>
	<TYPE code="10603000">Error occurred while connecting DB and executing query in the repository file DB</TYPE>

	<TYPE code="10604000">Error occurred while using group information in the repository</TYPE>
	<TYPE code="10604001"/>
	<TYPE code="10604002"/>
	<TYPE code="10604003"/>
	<TYPE code="10604004"/>
	<TYPE code="10604005"/>
	<TYPE code="10605000">ปัญหาที่เกิดขณะผู้ใช้กำลังใช้ข้อมูลในที่รวมไว้</TYPE>
	<TYPE code="10605001"/>

	<TYPE code="10605002">นี่ไม่ใช่รหัสผู้ใช้</TYPE>
	<TYPE code="10605003">รหัสผ่านผู้ใช้ต้องเป็น 4 ถึง 16 ตัวอักษร</TYPE>
	<TYPE code="10605004">=ชื่อผู้ใช้งานเข้าไม่ได้</TYPE>
	<TYPE code="10605005"/>
	<TYPE code="10605006">ไม่สามารถพิสูจน์ข้อมูลชื่อผู้ใช้ซ้ำ</TYPE>
	<TYPE code="10605007"/>
	<TYPE code="10605008"/>

	<TYPE code="10605009">ไม่สามารถตรวจสอบสถานะของผู้ที่เชื่อมต่อ</TYPE>
	<TYPE code="10605010"/>
	<TYPE code="10605011"/>
	<TYPE code="10605012">ไม่สามารถพิสูจน์รหัสผู้ใช้</TYPE>
	<TYPE code="10605013"/>
	<TYPE code="10605014"/>
	<TYPE code="10605015"/>
	<TYPE code="10605016"/>

	<TYPE code="10605017"/>
	<TYPE code="10605018"/>
	<TYPE code="10605019"/>
	<TYPE code="10605020"/>
	<TYPE code="10606000">ปัญหาเกิดขึ้นขณะกำลังใช้ไอเท็มข้อมูลข่าวสารในที่จัดรวมไว้</TYPE>
	<TYPE code="10606001"/>
	<TYPE code="10606002"/>
	<TYPE code="10606003">ไม่สามารถรับ ไอเท็ม</TYPE>

	<TYPE code="10606004">ไม่สามารถรับไอเท็ม</TYPE>
	<TYPE code="10606005">ไม่สามารถตรวจสอบไอเท็มที่กำลังเปิด</TYPE>
	<TYPE code="10606006"/>
	<TYPE code="10606007"/>
	<TYPE code="10606008"/>
	<TYPE code="10606009">ไม่สามารถค้นหา ไอเท็ม ไอดี</TYPE>
	<TYPE code="10606010"/>

	<TYPE code="10606011"/>
	<TYPE code="10606012"/>
	<TYPE code="10606013"/>
	<TYPE code="10606014"/>
	<TYPE code="10606015"/>
	<TYPE code="10606016"/>
	<TYPE code="10606017"/>
	<TYPE code="10607000">ปัญหาที่เกิดขึ้นขณะกำลังใช้ category ข้อมูลข่าวสารในที่จัดรวมไว้</TYPE>

	<TYPE code="10607001"/>
	<TYPE code="10607002"/>
	<TYPE code="10607003">ไม่สามารถรับไอดี category</TYPE>
	<TYPE code="10607004"/>
	<TYPE code="10607005">ไม่สามารถตรวจสอบ category ที่กำลังเปิด</TYPE>
	<TYPE code="10607006"/>
	<TYPE code="10607007"/>
	<TYPE code="10608000"/>

	<TYPE code="10608001"/>
	<TYPE code="10608002"/>
	<TYPE code="10608003"/>
	<TYPE code="10608004"/>
	<TYPE code="10608005"/>
	<TYPE code="10608006"/>
	<TYPE code="10608007"/>
	<TYPE code="10608008"/>
	<TYPE code="10609000">Error occurred while using encryption/decryption module.</TYPE>

	<TYPE code="10609001">Error occurred while using encryption/decryption module.</TYPE>
	<TYPE code="10609002">Error occurred while using encryption/decryption module.</TYPE>
	<TYPE code="10609003">Error occurred while using encryption/decryption module.</TYPE>
	<TYPE code="10609004">Error occurred while using encryption/decryption module.</TYPE>
	<TYPE code="10609005">Error occurred while using encryption/decryption module.</TYPE>
	<TYPE code="10609006">Error occurred while using encryption/decryption module.</TYPE>

	<TYPE code="10609007">Error occurred while using encryption/decryption module.</TYPE>
	<TYPE code="10901000">เน็คเวิร์คมีปัญหาเกิดขึ้นในด้านเซิฟเวอร์ขณะกำลังส่งข้อมูลระหว่างเครื่องไคลแอนด์กับเซิฟเวอร์ กรุณาตรวจสอบเน็คเวิร์ค เซิฟเวอร์และเวอร์ชันโพโตคอล </TYPE>
	<TYPE code="10902000">เน็คเวิร์คมีปัญหาเกิดขึ้นในด้านไคลแอนด์ขณะกำลังส่งข้อมูลระหว่างเครื่องไคลแอนด์กับเซิฟเวอร์ กรุณาตรวจสอบเน็คเวิร์ค เซิฟเวอร์และเวอร์ชันโพโตคอลNetwork error occurred in the client side while transferring data between the client and the server. Check the network, server and protocol version. </TYPE>
	<TYPE code="10902001">เครื่องลูกข่ายไม่สามารถอ่านข้อมูลจากเครื่องแม่ข่าย</TYPE>
	<TYPE code="15001000"/>
	<TYPE code="15001001">ไม่สามารถหาแฟ้ม srmngr.properties </TYPE>

	<TYPE code="15001002">ไม่สามารถอ่านแฟ้ม srmngr.properties</TYPE>
	<TYPE code="15001003">The service can not be provided.</TYPE>
	<TYPE code="15001004">ไม่สามารถหาแฟ้ม SDM</TYPE>
	<TYPE code="15001005">ไม่สามารถอ่านแฟ้ม SDM</TYPE>
	<TYPE code="10903000">The service that you've requested is not supported in this server.</TYPE>
	<TYPE code="17001001">DataBind configuration file does not exist.</TYPE>

</SERVERMESSAGERESOURCE>

