<?xml version="1.0" encoding="UTF-8"?>
<!-- edited with XML Spy v4.3 U (http://www.xmlspy.com) by lju (forcs) -->
<SERVERMESSAGERESOURCE VERSION="2.0">
	<TYPE code="10101000"/>
	<TYPE code="10101001">Cannot create data module.</TYPE>
	<TYPE code="10101002">Cannot send data module. Please check the network.</TYPE>
	<TYPE code="10101003">Cannot find the specified dataset in the data module.</TYPE>
	<TYPE code="10101004">Invalid parameter syntax.</TYPE>
	<TYPE code="10101005">Cannot read the field information dynamically.</TYPE>
	<TYPE code="10101006">Cannot read data from data source during creating the data module.</TYPE>
	<TYPE code="10101007">Data type does not match between data source and report.</TYPE>
	<TYPE code="10101008">Error occurred while compiling script.</TYPE>
	<TYPE code="10101009">Cannot read data through HTTP protocol.</TYPE>
	<TYPE code="10101010">Invalid URL. Cannot read data from HTTP protocol.</TYPE>
	<TYPE code="10101011">Cannot find the specified file in the File Store.</TYPE>
	<TYPE code="10101012">Cannot read data from file.</TYPE>
	<TYPE code="10101013">Parameter value is null.</TYPE>
	<TYPE code="10101014">Data module cannot be send.</TYPE>
	<TYPE code="10102000"/>
	<TYPE code="10102001">Cannot access the data source.</TYPE>
	<TYPE code="10102002">Error occurred while attempting to connect Database.</TYPE>
	<TYPE code="10102003">Error occurred while attempting to connect Database.</TYPE>
	<TYPE code="10102004">Error occurred while compiling the query.</TYPE>
	<TYPE code="10102005">Cannot execute query in DB.</TYPE>
	<TYPE code="10102006">Cannot compile query using the parameter.</TYPE>
	<TYPE code="10102007">Cannot execute query.</TYPE>
	<TYPE code="10103000"/>
	<TYPE code="10103001">UDS does not exist.</TYPE>
	<TYPE code="10103002">No privilege to access UDS.</TYPE>
	<TYPE code="10103003">Cannot open the store.</TYPE>
	<TYPE code="10103004">Cannot initialize the store.</TYPE>
	<TYPE code="10103005">Cannot read data from UDS.</TYPE>
	<TYPE code="10103006">Cannot organize data list from UDS.</TYPE>
	<TYPE code="10104000"/>
	<TYPE code="10104001">Cannot open the store.</TYPE>
	<TYPE code="10104002">No privilege to access the store class.</TYPE>
	<TYPE code="10104003">Cannot create the store class.</TYPE>
	<TYPE code="10104004">Cannot initialize the store class.</TYPE>
	<TYPE code="10105000"/>
	<TYPE code="10105001">Cannot connect to SAP.</TYPE>
	<TYPE code="10106000"/>
	<TYPE code="10106001">Cannot find the original data source of Group Store.</TYPE>
	<TYPE code="10106002">Cannot retrieve the original source of Group Store.</TYPE>
	<TYPE code="10106003">Cannot retrieve data from Group Store</TYPE>
	<TYPE code="10106004">Error occurred while converting data from Group Store</TYPE>
	<TYPE code="10107000"/>
	<TYPE code="10107001">Cannot retrieve data from Group Store</TYPE>
	<TYPE code="10108000"/>
	<TYPE code="10108001">Cannot read data in concurrent mode</TYPE>
	<TYPE code="10109000"/>
	<TYPE code="10109001">Cannot find encoding set of CSV file</TYPE>
	<TYPE code="10109002">Cannot read data from CSV file</TYPE>
	<TYPE code="10109003">No field information in CSV file</TYPE>
	<TYPE code="10109004">Error message is included in CSV file</TYPE>
	<TYPE code="10110000"/>
	<TYPE code="10110001">Cannot find the corresponding node to the data set in the XML</TYPE>
	<TYPE code="10110002">Cannot read XML document</TYPE>
	<TYPE code="10110003">Invalid XML format</TYPE>
	<TYPE code="10110004">Error occurred while parsing XML</TYPE>
	<TYPE code="10120000"/>
	<TYPE code="10120001">No report to read the parameter</TYPE>
	<TYPE code="10120002">Cannot open an assigned report for parameter reading.</TYPE>
	<TYPE code="10120003">It is not an OZ report form nor a valid XML.</TYPE>
	<TYPE code="10120004">Error occurred while parsing XML</TYPE>
	<TYPE code="10120005">Error occurred while creating XML parser</TYPE>
	<TYPE code="10601000"/>
	<TYPE code="10601001">Cannot retrieve data from repository DB</TYPE>
	<TYPE code="10601002">Error occurred while getting data from repository DB</TYPE>
	<TYPE code="10602000">Error occurred while connecting to repository DB or executing query in the repository DB</TYPE>
	<TYPE code="10602001">Error occurred while inserting rows into the repository DB</TYPE>
	<TYPE code="10602002">Error occurred while adding rows into the repository DB</TYPE>
	<TYPE code="10602003">Error occurred while updating rows into the repository DB</TYPE>
	<TYPE code="10603000">Error occurred while connecting DB and executing query in the repository file DB</TYPE>
	<TYPE code="10604000">Error occurred while using group information in the repository</TYPE>
	<TYPE code="10604001"/>
	<TYPE code="10604002"/>
	<TYPE code="10604003"/>
	<TYPE code="10604004"/>
	<TYPE code="10604005"/>
	<TYPE code="10605000">Error occurred while using user information in the repository</TYPE>
	<TYPE code="10605001"/>
	<TYPE code="10605002">There is no user password.</TYPE>
	<TYPE code="10605003">user password must be 4 to 16 letters.</TYPE>
	<TYPE code="10605004">User name is not entered.</TYPE>
	<TYPE code="10605005"/>
	<TYPE code="10605006">Cannot verify the same user information.</TYPE>
	<TYPE code="10605007"/>
	<TYPE code="10605008"/>
	<TYPE code="10605009">Cannot verify user's connection condition</TYPE>
	<TYPE code="10605010"/>
	<TYPE code="10605011"/>
	<TYPE code="10605012">Cannot verify user's password.</TYPE>
	<TYPE code="10605013"/>
	<TYPE code="10605014"/>
	<TYPE code="10605015"/>
	<TYPE code="10605016"/>
	<TYPE code="10605017"/>
	<TYPE code="10605018"/>
	<TYPE code="10605019"/>
	<TYPE code="10605020"/>
	<TYPE code="10606000">Error occurred while using item information in the repository</TYPE>
	<TYPE code="10606001"/>
	<TYPE code="10606002"/>
	<TYPE code="10606003">Cannot get an item</TYPE>
	<TYPE code="10606004">Cannot get an item</TYPE>
	<TYPE code="10606005">Cannot check the existing of item</TYPE>
	<TYPE code="10606006"/>
	<TYPE code="10606007"/>
	<TYPE code="10606008"/>
	<TYPE code="10606009">Cannot find the item ID</TYPE>
	<TYPE code="10606010"/>
	<TYPE code="10606011"/>
	<TYPE code="10606012"/>
	<TYPE code="10606013"/>
	<TYPE code="10606014"/>
	<TYPE code="10606015"/>
	<TYPE code="10606016"/>
	<TYPE code="10606017"/>
	<TYPE code="10607000">Error occurred while using category information in the repository</TYPE>
	<TYPE code="10607001"/>
	<TYPE code="10607002"/>
	<TYPE code="10607003">Cannot get a category ID</TYPE>
	<TYPE code="10607004"/>
	<TYPE code="10607005">Cannot check the existing of category</TYPE>
	<TYPE code="10607006"/>
	<TYPE code="10607007"/>
	<TYPE code="10608000"/>
	<TYPE code="10608001"/>
	<TYPE code="10608002"/>
	<TYPE code="10608003"/>
	<TYPE code="10608004"/>
	<TYPE code="10608005"/>
	<TYPE code="10608006"/>
	<TYPE code="10608007"/>
	<TYPE code="10608008"/>
	<TYPE code="10609000">Error occurred while using encryption/decryption module.</TYPE>
	<TYPE code="10609001">Error occurred while using encryption/decryption module.</TYPE>
	<TYPE code="10609002">Error occurred while using encryption/decryption module.</TYPE>
	<TYPE code="10609003">Error occurred while using encryption/decryption module.</TYPE>
	<TYPE code="10609004">Error occurred while using encryption/decryption module.</TYPE>
	<TYPE code="10609005">Error occurred while using encryption/decryption module.</TYPE>
	<TYPE code="10609006">Error occurred while using encryption/decryption module.</TYPE>
	<TYPE code="10609007">Error occurred while using encryption/decryption module.</TYPE>
	<TYPE code="10901000">Network error occurred in the server side while transferring data between the client and the server. Check the network, server and protocol version. </TYPE>
	<TYPE code="10902000">Network error occurred in the client side while transferring data between the client and the server. Check the network, server and protocol version. </TYPE>
	<TYPE code="10902001">The client cannot read data information from the server.</TYPE>
	<TYPE code="15001000"/>
	<TYPE code="15001001">Can not find the srmngr.properties file.</TYPE>
	<TYPE code="15001002">Can not read the srmngr.properties file.</TYPE>
	<TYPE code="15001003">The service can not be provided.</TYPE>
	<TYPE code="15001004">Can not find the SDM file.</TYPE>
	<TYPE code="15001005">Can not read the SDM file.</TYPE>
	<TYPE code="10903000">The service that you've requested is not supported in this server.</TYPE>
	<TYPE code="17001001">DataBind configuration file does not exist.</TYPE>
</SERVERMESSAGERESOURCE>
