<?xml version="1.0" encoding="UTF-8"?>
<VIEWERMESSAGERESOURCE VERSION="2.0">
	<TYPE code="1020010000">Parameter</TYPE>
	<TYPE code="1020010009">Invalid parameter information 
Cannot find OZ Server or Servlet information</TYPE>
	<TYPE code="1020010010">ทั้ง OZ Server และ Servlet ที่อยู่เปิดอยู่แล้ว แค่อย่างเดียวเท่านั้นที่ต้องการ</TYPE>
	<TYPE code="1020010012">หมายเลข พร็อท  OZ Server ไม่ถูกต้อง</TYPE>
	<TYPE code="1020010013">ไม่มีรายงานใน OZ Server</TYPE>

	<TYPE code="1020020000">พิมพ์</TYPE>	
	<TYPE code="1020020001">หน้าที่เลือกไม่ได้เปิด</TYPE>
	<TYPE code="1020020002">เครื่องพิมพ์ที่เลือกไม่ได้เปิด ใช้เครื่องพิมพ์ที่กำหนดไว้</TYPE>
	<TYPE code="1020020003">พิมพ์ล้มเหลว</TYPE>
	<TYPE code="1020020004">ไม่สามารถแชร์หน่วยความจำเพื่อรับข้อมูลข่าวสารที่พิมพ์</TYPE>
	<TYPE code="1020020005">ไม่มีเครื่องพิมพ์ที่พร้อม</TYPE>

	<TYPE code="1020020006">ไม่สามารถทำกระบวนการพิมพ์งานที่กำหนดเพราะไม่รู้ปัญหา</TYPE>
	<TYPE code="1020020007">ไม่สามารถสร้างเอกสารการพิมพ์</TYPE>
	<TYPE code="1020020008">ปัญหาที่เกิดขึ้นขณะกำลังปิดงานเอกสาร</TYPE>
	<TYPE code="1020020009">ปัญหาที่เกิดขึ้นขณะกำลังสร้างหน้าพิมพ์</TYPE>
	<TYPE code="1020020010">ปัญหาที่เกิดขึ้นขณะกำลังปิดหน้าพิมพ์</TYPE>
	<TYPE code="1020020011">ไม่สามารถสร้างการข้อมูลข่าวสารการพิมพ์ตั้งต้น</TYPE>

	<TYPE code="1020020012">กรุณาใส่ค่าตัวเลข</TYPE>
	<TYPE code="1020030000">ดึงรายงาย</TYPE>
	<TYPE code="1020030001">รหัสไม่ถูกต้อง</TYPE>
	<TYPE code="1020030002">ไม่สามารถสร้างโมดูลดึงข้อมูลหลังจากกำลังรับแบบและข้อมูลจากเซิฟเวอร์</TYPE>
	<TYPE code="1020030003">ไม่รู้จักโหมดค้นหา</TYPE>
	<TYPE code="1020030004">กำหนดค่า  OZ Server ผิดพลาด</TYPE>

	<TYPE code="1020030005">Report manager ไม่ได้เปิด</TYPE>
	<TYPE code="1020030006">HC Data module ไม่ได้เปิด</TYPE>
	<TYPE code="1020030007">เปิดแฟ้มฟอร์มผิดพลาด</TYPE>
	<TYPE code="1020030008">ปิดแฟ้มฟอร์มผิดพลาด</TYPE>
	<TYPE code="1020030009">บันทึกดาต้ามเมมโมผิดพลาด</TYPE>
	<TYPE code="1020030010">ข้อผิดพลาดเกิดขึ้นหลังจากได้รับฟอร์มและข้อมูลจากเซิฟเวอร์

Datamodule loader was created but template couldn't be created</TYPE>

	<TYPE code="1020030011">แบบ ODI Key ที่กำลังเปิดไม่สามารถหาในพารามิเตอร์</TYPE>	
	<TYPE code="1020030012"></TYPE>	
	<TYPE code="1020040000">บันทึก</TYPE>
	<TYPE code="1020040001">รหัสผ่านผิด</TYPE>
	<TYPE code="1020040002">"Invalid SDM information in OZD file</TYPE>
	<TYPE code="1020040006">ผิดพลาดในการรับชื่อโฟลเดอร์งานที่กำลังทำ</TYPE>
	<TYPE code="1020040007">ผิดพลาดในการสร้างแฟ้มแบบรายงานชั่วคราว</TYPE>

	<TYPE code="1020040008">บันทึกแฟ้ม OZD ผิดพลาด</TYPE>
	<TYPE code="1020040009"></TYPE>
	<TYPE code="1020040010"></TYPE>
	<TYPE code="1020040011">สร้างแฟ้มชั่วคราวใช้สำหรับเปิดแฟ้ม OZD ผิดพลาด</TYPE>
	<TYPE code="1020040012">แฟ้ม OZD เท่านั้นที่สามารถเปิดใน OZ Viewer</TYPE>
	<TYPE code="1020040013">แฟ้ม OZD จะเปลี่ยนแปลงหรือไม่สมบูรณ์เมื่อถูกเปิด</TYPE>
	<TYPE code="1020050000">Bind thread</TYPE>

	<TYPE code="1020060000">Export thread</TYPE>
	<TYPE code="1020070000">เนื้อหา</TYPE>
	<TYPE code="1020070001">ข้อมูลไม่ได้เปิด</TYPE>
	<TYPE code="1020070002">ผิดพลาดเมื่อสร้างแบบสร้างรายงาน</TYPE>
	<TYPE code="1020070003">Error occurred during the report binding process.</TYPE>
	<TYPE code="1020070004">สร้าง report manager ผิดพลาด</TYPE>

	<TYPE code="1020070005">Please enter a numeric value for enlargement/reduction.</TYPE>
	<TYPE code="1020080000">Tile document</TYPE>
	<TYPE code="1020080001">Cannot create tile image</TYPE>
	<TYPE code="1020080003">ความผิดพลาดจากหน้าError occurred from page control (Null information occurred)</TYPE>
	<TYPE code="1020090000">ส่งออก</TYPE>
	<TYPE code="1020090001">Select or input the save path</TYPE>

	<TYPE code="1020090002">Export component does not exist</TYPE>
	<TYPE code="1020090003">แฟ้มเปิดอยู่ ปิดแฟ้มก่อน</TYPE>
	<TYPE code="1020090004">ไม่สามารถปิดแฟ้มที่เกี่ยวข้อง</TYPE>
	<TYPE code="1020090005">ไม่รู้จักรูปแบบรูปภาพ</TYPE>
	<TYPE code="1020090006">ไม่สนับสนุนรูปแบบรูปภาพ</TYPE>
	<TYPE code="1020090007">ไม่สนับสนุนรูปแบบส่งออกหรือไม่สนับสนุนแบบรูปตัวเลือกปัจจุบัน</TYPE>

	<TYPE code="1020090008">ไม่สามารถสร้างโฟลเดอร์ส่งออกได้</TYPE>
	<TYPE code="1020090009">ผิดพลาดในการส่งแฟ้ม OZD </TYPE>
	<TYPE code="1020090010">Please define the file name/path for exporting.</TYPE>
	<TYPE code="1020090011">Can not execute exported file</TYPE>
	<TYPE code="1020090012">The JPG Image file did not created.</TYPE>
	<TYPE code="1020100000">ตัวหนังสือ</TYPE>

	<TYPE code="1020100001">Only numeric value is available.</TYPE>
	<TYPE code="1020100002">Please a valid numeric value for page spacing.</TYPE>
	<TYPE code="1020110000">คำ</TYPE>
	<TYPE code="1020110001">Word OLE object cannot be created</TYPE>
	<TYPE code="1020110002">The report exceeds the page range(width, height) defined in MS Word.</TYPE>
	<TYPE code="1020120000">Powerpoint</TYPE>

	<TYPE code="1020120001">ไม่สามารถสร้าง Powerpoint OLE object </TYPE>
	<TYPE code="1020130000">Excel</TYPE>
	<TYPE code="1020130001">ไม่สามารถสร้าง Excel OLE object</TYPE>
	<TYPE code="1020140000">Report manager</TYPE>
	<TYPE code="1020140001">Error occurred from the temporary file for OZD creation (File Not Found)</TYPE>
	<TYPE code="1020150000">แบบรายงาน</TYPE>

	<TYPE code="1020150001">Can't close the report due to child report(s)</TYPE>
	<TYPE code="1020150002">Failed to get current page information.</TYPE>
	<TYPE code="1020150003">หน้านี้ไม่สามารถแสดงบน  OZ Viewer.</TYPE>
	<TYPE code="1020160000">Cache</TYPE>
	<TYPE code="1020160001">Version information does not match between user input version information and current registered form file version information. Use the cached form information version</TYPE>
	<TYPE code="1020160002">Cached report form size in the local machine is 0.</TYPE>

	<TYPE code="1020160003">Failed to read the cached report.</TYPE>
	<TYPE code="1020160004">Error occurred while comparing report form file version information.</TYPE>
	<TYPE code="1020160005">Failed to delete the temp file used for caching.</TYPE>
	<TYPE code="1020160006">Error occurred while saving the cache file.</TYPE>
	<TYPE code="1020160007">Version information is invalid.</TYPE>
	<TYPE code="1020170000">Frame</TYPE>

	<TYPE code="1020170001"></TYPE>
	<TYPE code="1020180000">Application</TYPE>
	<TYPE code="1020180001">Error occurred while releasing a locked file.</TYPE>
	<TYPE code="1020180002">Error occurred while deleting the temp folder.</TYPE>
	<TYPE code="1020180003">สร้างโฟลเดอร์งานกำลังทำผิดพลาด</TYPE>
	<TYPE code="1020180004">ไม่สามารถเข้าถึงแฟ้มช่วยเหลือ</TYPE>

	<TYPE code="1020200000">PDF</TYPE>
	<TYPE code="1020200001">ไม่สามารถสร้าง  PDF OLE object</TYPE>
	<TYPE code="1020200002">ไม่สามารถสร้างแฟ้ม</TYPE>
	<TYPE code="1020200003">Error occurred while saving the file in PDF.</TYPE>
	<TYPE code="1020220000">ทั่วไป</TYPE>
	<TYPE code="1020220001">หน้าส่งออกที่ต้องการไม่ได้เปิด</TYPE>

	<TYPE code="1020220002">Unknown error occurred</TYPE>
	<TYPE code="1020230000">ตรง</TYPE>
	<TYPE code="1020230001">Failed to perform direct printing.</TYPE>
	<TYPE code="1020230002">Failed to perform direct exporting.</TYPE>
	<TYPE code="1020240000">Thread print</TYPE>
	<TYPE code="1020240001">พิมพ์รายงานผิดพลาด</TYPE>

	<TYPE code="1020250000">บันทึกย่อ</TYPE>
	<TYPE code="1020250001">กู้คืน memo data ผิดพลาด</TYPE>
	<TYPE code="1020260000">User interface</TYPE>	
	<TYPE code="1020270000">Active X</TYPE>	
</VIEWERMESSAGERESOURCE>




