<?xml version="1.0" encoding="UTF-8"?>

<OZCHARTRESOURCE VERSION="2.0">
	<CLASS NAME="折れ線" TYPE="0">
		<TYPE NAME="折れ線グラフ" IMAGE="Line_0">時間や項目によるデータの傾向を表します。</TYPE>
		<TYPE NAME="積み上げ折れ線グラフ" IMAGE="Line_1">時間や項目によるデータの相対関係の変化を表します。</TYPE>
		<TYPE NAME="100%積み上げ折れ線グラフ" IMAGE="Line_3">時間や項目による、データの全体に対する割合の変化を表示します。</TYPE>
		<TYPE NAME="データマーカーが付けられた折れ線グラフ" IMAGE="Line_4">データマーカーが付けられた折れ線グラフです。</TYPE>
		<TYPE NAME="データマーカーが付けられた積み上げ折れ線グラフ" IMAGE="Line_5">データマーカーが付けられた積み上げ折れ線グラフです。</TYPE>
		<TYPE NAME="データにマーカーが付けられた100%積み上げ折れ線グラフ" IMAGE="Line_6">データにマーカーが付けられた100%積み上げ折れ線グラフです。</TYPE>
		<TYPE NAME="3-D 折れ線グラフ" IMAGE="Line_7">3-D 効果の付いた折れ線グラフです。</TYPE>
		<TYPE NAME="3-D 折れ線グラフ(回転可能)" IMAGE="Line_8">3-D 効果の付いた折れ線グラフを回転することができます。</TYPE>
	</CLASS>
	<CLASS NAME="縦棒" TYPE="1">
		<TYPE NAME="集合縦棒" IMAGE="Bar_0">項目ごとに値を比較します。</TYPE>
		<TYPE NAME="積み上げ縦棒" IMAGE="Bar_1">項目ごとに値の相対関係を表示します。</TYPE>
		<TYPE NAME="100%積み上げ縦棒" IMAGE="Bar_2">項目ごとに値の全体に対する割合を比較します。</TYPE>
		<TYPE NAME="3-D 効果の付いた集合縦棒グラフ" IMAGE="Bar_3">3-D 効果の付いた集合縦棒グラフです。</TYPE>
		<TYPE NAME="3-D 効果の付いた積み上げ縦棒グラフ" IMAGE="Bar_4">3-D 効果の付いた積み上げ縦棒グラフです。</TYPE>
		<TYPE NAME="3-D 効果の付いた100%積み上げ縦棒グラフ" IMAGE="Bar_5">3-D 効果の付いた100%積み上げ縦棒グラフです。</TYPE>
		<TYPE NAME="3-D 縦棒グラフ" IMAGE="Bar_6">項目間と系列間の値を比較します。</TYPE>
		<TYPE NAME="3-D 縦棒グラフ(回転可能)" IMAGE="Bar_7">項目間と系列間の値を比較や回転することができます。</TYPE>
	</CLASS>

	<CLASS NAME="面" TYPE="7">
		<TYPE NAME="面グラフ" IMAGE="Area_0">時間や項目による値の傾向を表します。</TYPE>
		<TYPE NAME="積み上げ面" IMAGE="Area_1">時間や項目による値の相対関係の傾向を表します。</TYPE>
		<TYPE NAME="100% 積み上げ面グラフ" IMAGE="Area_2">時間や項目による値の全体に対する割合の傾向を表します。</TYPE>
		<TYPE NAME="3D 効果付きの面グラフ" IMAGE="Area_3">3D 効果付きの面グラフです。</TYPE>
		<TYPE NAME="3D 効果付きの積み上げ面グラフ" IMAGE="Area_4">3D 効果付きの積み上げ面グラフです。</TYPE>
		<TYPE NAME="3D 効果付きの 100% 積み上げ面グラフ" IMAGE="Area_5">3D 効果付きの 100% 積み上げ面グラフです。</TYPE>
		<TYPE NAME="3D 効果付きの 100% 積み上げ面グラフ(回転可能)">3D 効果付きの 100% 積み上げ面グラフを回転することができます。</TYPE>
	</CLASS>

	<CLASS NAME="散布図" TYPE="8">
		<TYPE NAME="散布図" IMAGE="Scatter_0">値の組を比較します。</TYPE>
	</CLASS>

	<CLASS NAME="円" TYPE="9">
		<TYPE NAME="円" IMAGE="Pie_0">全体に対する値の関係や比較を表します。</TYPE>
		<TYPE NAME="分割円" IMAGE="Pie_0">個々の値を強調しながら、全体に対する値の関係や比較を表します。</TYPE>
		<TYPE NAME="3D 効果の付いた円グラフ" IMAGE="Pie_1">3D 効果の付いた円グラフです。</TYPE>
		<TYPE NAME="3D 効果の付いた分割円グラフ" IMAGE="Pie_1">3D 効果の付いた分割円グラフです。</TYPE>
	</CLASS>
	<CLASS NAME="レーダー" TYPE="10">
		<TYPE NAME="レーダーチャート" IMAGE="Radiant_0">データの変化を中心点からの比較で表します。</TYPE>
		<TYPE NAME="積み上げレーダーチャート" IMAGE="Radiant_1">データの相対関係の変化を中心点からの比較で表します。</TYPE>
		<TYPE NAME="100% 積み上げレーダーチャート" IMAGE="Radiant_2">データの全体に対する割合の変化を中心点からの比較で表します。</TYPE>
		<TYPE NAME="データ ポイントにマーカーが付いたレーダーチャート" IMAGE="Radiant_3">データ ポイントにマーカーが付いたレーダーチャートです。</TYPE>
		<TYPE NAME="データ ポイントにマーカーが付いた積み上げレーダーチャート" IMAGE="Radiant_4">データ ポイントにマーカーが付いた積み上げレーダーチャートです。</TYPE>
		<TYPE NAME="100% データ ポイントにマーカーが付いた積み上げレーダーチャート" IMAGE="Radiant_5">100% データ ポイントにマーカーが付いた積み上げレーダーチャートです。</TYPE>
	</CLASS>
	
		<CLASS NAME="階段" TYPE="11">
		<TYPE NAME="階段" IMAGE="Step_0">時間や項目によるデータの傾向を表します。</TYPE>
  	</CLASS>
	
		<CLASS NAME="ユーザー定義" TYPE="12">
		<TYPE NAME="組み込みのグラフ" IMAGE="Custom_0">ユーザーが組み込みしたグラフを表示します。</TYPE>
		<TYPE NAME="組み込みの積み上げグラフ" IMAGE="Custom_1">ユーザーが組み込みした相対関係のグラフを表示します。</TYPE>
  	<TYPE NAME="100% 組み込みの積み上げグラフ" IMAGE="Custom_2">ユーザーが組み込みした全体に対する割合のグラフを表示します。</TYPE>
  	</CLASS>
</OZCHARTRESOURCE>
