<?xml version="1.0" encoding="UTF-8"?>
<SERVERMESSAGERESOURCE VERSION="2.0">
	<TYPE code="10101000"></TYPE>
	<TYPE code="10101001">데이터 모듈을 생성할 수 없습니다.</TYPE>
	<TYPE code="10101002">데이터 모듈을 전송할 수 없습니다. 네트워크 설정을 확인하십시오.</TYPE>
	<TYPE code="10101003">데이터셋 이름에 맞춰 바인딩시 데이터 모듈에서 지정한 데이터셋을 찾을 수 없습니다.</TYPE>
	<TYPE code="10101004">패러미터 문법이 잘못되었습니다.</TYPE>
	<TYPE code="10101005">필드 정보를 동적으로 읽을 수 없습니다.</TYPE>
	<TYPE code="10101006">데이터 모듈을 만드는 중에 데이터 소스로부터 데이터를 읽어올 수 없습니다.</TYPE>
	<TYPE code="10101007">데이터 소스와 리포트에 설정된 데이터 타입이 다릅니다.</TYPE>
	<TYPE code="10101008">스크립트 컴파일시 에러가 발생하였습니다.</TYPE>
	<TYPE code="10101009">HTTP를 통해 데이터를 읽어올 수 없습니다..</TYPE>
	<TYPE code="10101010">잘못된 URL 입니다. HTTP를 통해 데이터를 읽어올 수 없습니다.</TYPE>
	<TYPE code="10101011">File Store에 설정된 파일을 찾을 수 없습니다..</TYPE>
	<TYPE code="10101012">파일로부터 데이터를 읽을 수 없습니다. </TYPE>
	<TYPE code="10101013">패러미터 값이 비어 있습니다.</TYPE>
	<TYPE code="10101014">데이터 모듈을 전송할 수 없습니다.</TYPE>
	<TYPE code="10102000"></TYPE>
	<TYPE code="10102001">데이터 소스에 접근할 수 없습니다.</TYPE>
	<TYPE code="10102002">데이터를 가져오기 위해서 DB 접근시도 중 에러가 발생했습니다.</TYPE>
	<TYPE code="10102003">데이터를 가져오기 위해서 DB 접근시도 중 에러가 발생했습니다.</TYPE>
	<TYPE code="10102004">Query를 컴파일 하는 중 에러가 발생했습니다.</TYPE>
	<TYPE code="10102005">DB에서 Query를 실행할 수 없습니다.</TYPE>
	<TYPE code="10102006">파라미터를 사용하여 Query를 컴파일하지 못했습니다.</TYPE>
	<TYPE code="10102007">Query를 실행할 수 없습니다.</TYPE>
	<TYPE code="10103000"></TYPE>
	<TYPE code="10103001">UDS가 존재하지 않습니다.</TYPE>
	<TYPE code="10103002">UDS에 접근 권한이 없습니다.</TYPE>
	<TYPE code="10103003">Store를 열지 못했습니다.</TYPE>
	<TYPE code="10103004">Store를 초기화하지 못했습니다..</TYPE>
	<TYPE code="10103005">UDS에서 데이터를 읽어오지 못했습니다.</TYPE>
	<TYPE code="10103006">UDS에서 데이터 리스트를 구성하지 못했습니다.</TYPE>
	<TYPE code="10104000"></TYPE>
	<TYPE code="10104001">Store를 열지 못했습니다.</TYPE>
	<TYPE code="10104002">Store 클래스에 접근 권한이 없습니다.</TYPE>
	<TYPE code="10104003">Store 클래스를 만들수 없습니다.</TYPE>
	<TYPE code="10104004">Store 클래스를 초기화할 수 없습다.</TYPE>
	<TYPE code="10105000"></TYPE>
	<TYPE code="10105001">SAP에 접속할 수 없습니다.</TYPE>
	<TYPE code="10106000"></TYPE>
	<TYPE code="10106001">Group Store의 원본을 찾지 못했습니다.</TYPE>
	<TYPE code="10106002">Group Store의 원본에서 데이터를 가져오지 못했습니다.</TYPE>
	<TYPE code="10106003">Group Store의 데이터를 가져오지 못했습니다.</TYPE>
	<TYPE code="10106004">Group Store의 데이터를 변환하는 과정에서 에러가 발생했습니다.</TYPE>
	<TYPE code="10107000"></TYPE>
	<TYPE code="10107001">Group Store의 데이터를 가져오지 못했습니다</TYPE>
	<TYPE code="10108000"></TYPE>
	<TYPE code="10108001">Concurrent모드에서 데이터를 읽어 들일 수 없습니다. </TYPE>
	<TYPE code="10109000"></TYPE>
	<TYPE code="10109001">CSV 파일의 인코딩을 알 수가 없습니다.</TYPE>
	<TYPE code="10109002">CSV 파일의 데이터를 읽어들일 수 없습니다.</TYPE>
	<TYPE code="10109003">CSV 파일에 필드 정보가 없습니다.</TYPE>
	<TYPE code="10109004">CSV 파일에 에러 메시지가 포함되어 있습니다.</TYPE>
	<TYPE code="10110000"></TYPE>
	<TYPE code="10110001">XML에서 데이터셋에 해당하는 노드를 찾을 수 없습니다.</TYPE>
	<TYPE code="10110002">XML 문서를 읽을 수 없습니다.</TYPE>
	<TYPE code="10110003">잘못된 XML 포맷입니다.</TYPE>
	<TYPE code="10110004">XML을 해석하는 도중 에러가 발생했습니다.</TYPE>
	<TYPE code="10120000"></TYPE>
	<TYPE code="10120001">패러미터를 읽어들일 리포트가 없습니다.</TYPE>
	<TYPE code="10120002">패러미터를 읽도록 지정된 리포트를 열 수 없습니다.</TYPE>
	<TYPE code="10120003">오즈 리포트 폼이 아니거나 적절한 XML이 아닙니다.</TYPE>
	<TYPE code="10120004">XML을 해석하다가 에러가 발생했습니다.</TYPE>
	<TYPE code="10120005">XML 파서 생성중에 에러가 발생했습니다.</TYPE>
	<TYPE code="10601000"></TYPE>
	<TYPE code="10601001">리파지토리 DB에서 데이터를 가져오지 못했습니다.</TYPE>
	<TYPE code="10601002">리파지토리 DB에서 데이터를 가져오는 중 에러가 발생했습니다..</TYPE>
	<TYPE code="10602000">리파지토리 DB에서 실행 혹은 연결시 에러가 발생했습니다.</TYPE>
	<TYPE code="10602001">리파지토리DB 삽입시 에러가 발생했습니다.</TYPE>
	<TYPE code="10602002">리파지토리DB 추가시 에러가 발생했습니다.</TYPE>
	<TYPE code="10602003">리파지토리DB 업데이트시 에러가 발생했습니다.</TYPE>
	<TYPE code="10603000">리파지토리 파일 DB에서 실행 혹은 연결시 에러가 발생했습니다..</TYPE>
	<TYPE code="10604000">리파지토리에서 그룹 정보를 사용하는 중에 에러가 발생했습니다.</TYPE>
	<TYPE code="10604001"></TYPE>
	<TYPE code="10604002"></TYPE>
	<TYPE code="10604003"></TYPE>
	<TYPE code="10604004"></TYPE>
	<TYPE code="10604005"></TYPE>
	<TYPE code="10605000">리파지토리에서 사용자 정보를 사용하는 중 에러가 발생했습니다.</TYPE>
	<TYPE code="10605001"></TYPE>
	<TYPE code="10605002">사용자 패스워드가 없습니다.</TYPE>
	<TYPE code="10605003">사용자 패스워드가 4~16자여야 합니다.</TYPE>
	<TYPE code="10605004">사용자 이름이 입력되지 않았습니다.</TYPE>
	<TYPE code="10605005"></TYPE>
	<TYPE code="10605006">동일 사용자 정보를 확인하지 못했습니다</TYPE>
	<TYPE code="10605007"></TYPE>
	<TYPE code="10605008"></TYPE>
	<TYPE code="10605009">사용자의 접속 상태를 확인하지 못했습니다.</TYPE>
	<TYPE code="10605010"></TYPE>
	<TYPE code="10605011"></TYPE>
	<TYPE code="10605012">사용자의 패스워드를 확인할 수 없습니다.</TYPE>
	<TYPE code="10605013"></TYPE>
	<TYPE code="10605014"></TYPE>
	<TYPE code="10605015"></TYPE>
	<TYPE code="10605016"></TYPE>
	<TYPE code="10605017"></TYPE>
	<TYPE code="10605018"></TYPE>
	<TYPE code="10605019"></TYPE>
	<TYPE code="10605020"></TYPE>
	<TYPE code="10606000">리파지토리에서 아이템의 정보를 사용하는 중 에러가 발생했습니다.</TYPE>
	<TYPE code="10606001"></TYPE>
	<TYPE code="10606002"></TYPE>
	<TYPE code="10606003">아이템을 가져오지 못했습니다.</TYPE>
	<TYPE code="10606004">아이템을 가져오지 못했습니다.</TYPE>
	<TYPE code="10606005">아이템의 존재 여부를 확인하지 못했습니다.</TYPE>
	<TYPE code="10606006"></TYPE>
	<TYPE code="10606007"></TYPE>
	<TYPE code="10606008"></TYPE>
	<TYPE code="10606009">아이템 아이디를 찾지 못했습니다.</TYPE>
	<TYPE code="10606010"></TYPE>
	<TYPE code="10606011"></TYPE>
	<TYPE code="10606012"></TYPE>
	<TYPE code="10606013"></TYPE>
	<TYPE code="10606014"></TYPE>
	<TYPE code="10606015"></TYPE>
	<TYPE code="10606016"></TYPE>
	<TYPE code="10606017"></TYPE>
	<TYPE code="10607000">리파지토리에서 카테고리 정보를 사용하는 과정에서 에러가 발생했습니다.</TYPE>
	<TYPE code="10607001"></TYPE>
	<TYPE code="10607002"></TYPE>
	<TYPE code="10607003">카테고리 아이디를 가져올 수 없습니다.</TYPE>
	<TYPE code="10607004"></TYPE>
	<TYPE code="10607005">카테고리의 존재 여부를 확인하지 못했습니다.</TYPE>
	<TYPE code="10607006"></TYPE>
	<TYPE code="10607007"></TYPE>
	<TYPE code="10608000"></TYPE>
	<TYPE code="10608001"></TYPE>
	<TYPE code="10608002"></TYPE>
	<TYPE code="10608003"></TYPE>
	<TYPE code="10608004"></TYPE>
	<TYPE code="10608005"></TYPE>
	<TYPE code="10608006"></TYPE>
	<TYPE code="10608007"></TYPE>
	<TYPE code="10608008"></TYPE>
	<TYPE code="10609000">암호화 모듈 사용시 에러가 발생 했습니다.</TYPE>
	<TYPE code="10609001">암호화 모듈 사용시 에러가 발생 했습니다.</TYPE>
	<TYPE code="10609002">암호화 모듈 사용시 에러가 발생 했습니다.</TYPE>
	<TYPE code="10609003">암호화 모듈 사용시 에러가 발생 했습니다.</TYPE>
	<TYPE code="10609004">암호화 모듈 사용시 에러가 발생 했습니다.</TYPE>
	<TYPE code="10609005">암호화 모듈 사용시 에러가 발생 했습니다.</TYPE>
	<TYPE code="10609006">암호화 모듈 사용시 에러가 발생 했습니다.</TYPE>
	<TYPE code="10609007">암호화 모듈 사용시 에러가 발생 했습니다.</TYPE>
	<TYPE code="10901000">서버에서 클라이언트와 데이터를 주고 받을 때 네트워크 오류가 발생했습니다. 네트워크 상태나 서버의 프로토콜 버전을 확인해주십시오</TYPE>
	<TYPE code="10902000">클라이언트에서 서버와 데이터를 주고 받을 때 네트워크 오류가 발생했습니다. 네트워크 상태나 서버의 상태, 프로토콜의 버전을 확인해주십시오</TYPE>
	<TYPE code="10902001">클라이언트에서 서버로부터의 데이터 정보를 읽지 못했습니다.</TYPE>
</SERVERMESSAGERESOURCE>
