<?xml version="1.0" encoding="UTF-8"?>
<SERVERMESSAGERESOURCE VERSION="2.0">
	<TYPE code="10101000"></TYPE>
	<TYPE code="10101001">データモジュールを生成することが出来ません</TYPE>
	<TYPE code="10101002">データモジュールを配信することが出来ません。ネットワーク設定を確認してください</TYPE>
	<TYPE code="10101003">データセット名に合わせてバインドする際にデータモジュールで指定したデータセットを検索することが出来ません</TYPE>
	<TYPE code="10101004">パラメータ文法が違います</TYPE>
	<TYPE code="10101005">フィールド情報を動的に読み込むことが出来ません</TYPE>
	<TYPE code="10101006">データモジュールを生成する際にデータソースからデータを読み込むことが出来ません</TYPE>
	<TYPE code="10101007">データソースとレポートに設定されたデータタイプが違います</TYPE>
	<TYPE code="10101008">スクリプトコンパイルをする際にエラーが発生しました</TYPE>
	<TYPE code="10101009">HTTPを通じてデータを読み込むことが出来ません</TYPE>
	<TYPE code="10101010">URLが違います。HTTPを通じてデータを読み込むことが出来ません</TYPE>
	<TYPE code="10101011">FILESTOREで設定されたファイルを検索することが出来ません</TYPE>
	<TYPE code="10101012">ファイルからデータを読み込むことが出来ません</TYPE>
	<TYPE code="10101013">パラメータ値が空になっています</TYPE>
	<TYPE code="10101014">データモジュールを配信することが出来ません</TYPE>
	<TYPE code="10102000"></TYPE>
	<TYPE code="10102001">データソースに接続することが出来ません</TYPE>
	<TYPE code="10102002">データを取り込むためDBに接続する際にエラーが発生しました</TYPE>
	<TYPE code="10102003">データを取り込むためDBに接続する際にエラーが発生しました</TYPE>
	<TYPE code="10102004">クエリーをコンパイルする際にエラーが発生しました</TYPE>
	<TYPE code="10102005">DBでクエリーを実行することが出来ません</TYPE>
	<TYPE code="10102006">パラメータを使用しクエリーをコンパイルすることが出来ません</TYPE>
	<TYPE code="10102007">クエリーを実行することが出来ません</TYPE>
	<TYPE code="10103000"></TYPE>
	<TYPE code="10103001">UDSが存在していません</TYPE>
	<TYPE code="10103002">UDSに接続する権限がありません</TYPE>
	<TYPE code="10103003">STOREを開くことが出来ません</TYPE>
	<TYPE code="10103004">STOREを初期化することが出来ません</TYPE>
	<TYPE code="10103005">UDSからデータを読み込むことが出来ません</TYPE>
	<TYPE code="10103006">UDSでデータリストを構成することが出来ません</TYPE>
	<TYPE code="10104000"></TYPE>
	<TYPE code="10104001">STOREを開くことが出来ません</TYPE>
	<TYPE code="10104002">STOREクラスに接近権限がありません</TYPE>
	<TYPE code="10104003">STOREクラスを作ることが出来ません</TYPE>
	<TYPE code="10104004">STOREクラスを初期化することが出来ません</TYPE>
	<TYPE code="10105000"></TYPE>
	<TYPE code="10105001">SAPに接続することが出来ません</TYPE>
	<TYPE code="10106000"></TYPE>
	<TYPE code="10106001">GROUPSTOREの原本を検索することが出来ません</TYPE>
	<TYPE code="10106002">GROUPSTOREの原本からデータを取り込むことが出来ません</TYPE>
	<TYPE code="10106003">GROUPSTOREのデータを取り込むことが出来ません</TYPE>
	<TYPE code="10106004">GROUPSTOREのデータを変換する際にエラーが発生しました</TYPE>
	<TYPE code="10107000"></TYPE>
	<TYPE code="10107001">GROUPSTOREのデータを取り込むことが出来ません</TYPE>
	<TYPE code="10108000"></TYPE>
	<TYPE code="10108001">CONCURRENTモードでデータを取り込むことが出来ません</TYPE>
	<TYPE code="10109000"></TYPE>
	<TYPE code="10109001">CSVファイルのエンコードタイプが確認できません</TYPE>
	<TYPE code="10109002">CSVファイルのデータを取り込むことが出来ません</TYPE>
	<TYPE code="10109003">CSVファイルにフィールド情報がありません</TYPE>
	<TYPE code="10109004">CSVファイルにエラーメッセージが含まれています</TYPE>
	<TYPE code="10110000"></TYPE>
	<TYPE code="10110001">XMLでデータセットに当たるノードを検索することが出来ません</TYPE>
	<TYPE code="10110002">XML文書を読み込むことが出来ません</TYPE>
	<TYPE code="10110003">XMLフォーマットが違います</TYPE>
	<TYPE code="10110004">XMLを解析する際にエラーが発生しました</TYPE>
	<TYPE code="10120000"></TYPE>
	<TYPE code="10120001">パラメータを読み込むレポートがありません</TYPE>
	<TYPE code="10120002">パラメータを読み込むよう指定されたレポートを開くことが出来ません</TYPE>
	<TYPE code="10120003">OZレポートフォームではないか適切なXMLではありません</TYPE>
	<TYPE code="10120004">XMLを解析する際にエラーが発生しました</TYPE>
	<TYPE code="10120005">XMLパーサを生成する際にエラーが発生しました</TYPE>
	<TYPE code="10601000"></TYPE>
	<TYPE code="10601001">レポジトリDBでデータを取り込むことが出来ません</TYPE>
	<TYPE code="10601002">レポジトリDBでデータを取り込む際にエラーが発生しました</TYPE>
	<TYPE code="10602000">レポジトリDBで実行または接続する際にエラーが発生しました</TYPE>
	<TYPE code="10602001">レポジトリにDBを挿入する際にエラーが発生しました</TYPE>
	<TYPE code="10602002">レポジトリにDBを追加する際にエラーが発生しました</TYPE>
	<TYPE code="10602003">レポジトリにDBをアップデートする際にエラーが発生しました</TYPE>
	<TYPE code="10603000">レポジトリファイルDBで実行または接続する際にエラーが発生しました</TYPE>
	<TYPE code="10604000">レポジトリでグループ情報を使用する際にエラーが発生しました</TYPE>
	<TYPE code="10604001"></TYPE>
	<TYPE code="10604002"></TYPE>
	<TYPE code="10604003"></TYPE>
	<TYPE code="10604004"></TYPE>
	<TYPE code="10604005"></TYPE>
	<TYPE code="10605000">レポジトリでユーザ情報を使用する際にエラーが発生しました</TYPE>
	<TYPE code="10605001"></TYPE>
	<TYPE code="10605002">ユーザパスワードがありません</TYPE>
	<TYPE code="10605003">ユーザパスワードは4文字以上16文字以内</TYPE>
	<TYPE code="10605004">ユーザ名を入力してください</TYPE>
	<TYPE code="10605005"></TYPE>
	<TYPE code="10605006">該当ユーザ情報を確認することが出来ません</TYPE>
	<TYPE code="10605007"></TYPE>
	<TYPE code="10605008"></TYPE>
	<TYPE code="10605009">ユーザ接続状態を確認することが出来ません</TYPE>
	<TYPE code="10605010"></TYPE>
	<TYPE code="10605011"></TYPE>
	<TYPE code="10605012">ユーザパスワードを確認することが出来ません</TYPE>
	<TYPE code="10605013"></TYPE>
	<TYPE code="10605014"></TYPE>
	<TYPE code="10605015"></TYPE>
	<TYPE code="10605016"></TYPE>
	<TYPE code="10605017"></TYPE>
	<TYPE code="10605018"></TYPE>
	<TYPE code="10605019"></TYPE>
	<TYPE code="10605020"></TYPE>
	<TYPE code="10606000">レポジトリでアイテム情報を使用する際にエラーが発生しました</TYPE>
	<TYPE code="10606001"></TYPE>
	<TYPE code="10606002"></TYPE>
	<TYPE code="10606003">アイテムを取り込むことが出来ません</TYPE>
	<TYPE code="10606004">アイテムを取り込むことが出来ません</TYPE>
	<TYPE code="10606005">アイテムの存在有無を確認することが出来ません</TYPE>
	<TYPE code="10606006"></TYPE>
	<TYPE code="10606007"></TYPE>
	<TYPE code="10606008"></TYPE>
	<TYPE code="10606009">アイテムIDを検索することが出来ません</TYPE>
	<TYPE code="10606010"></TYPE>
	<TYPE code="10606011"></TYPE>
	<TYPE code="10606012"></TYPE>
	<TYPE code="10606013"></TYPE>
	<TYPE code="10606014"></TYPE>
	<TYPE code="10606015"></TYPE>
	<TYPE code="10606016"></TYPE>
	<TYPE code="10606017"></TYPE>
	<TYPE code="10607000">レポジトリでカテゴリ情報を使用する際にエラーが発生しました</TYPE>
	<TYPE code="10607001"></TYPE>
	<TYPE code="10607002"></TYPE>
	<TYPE code="10607003">カテゴリIDを取り込むことが出来ません</TYPE>
	<TYPE code="10607004"></TYPE>
	<TYPE code="10607005">カテゴリの存在有無を確認することが出来ません</TYPE>
	<TYPE code="10607006"></TYPE>
	<TYPE code="10607007"></TYPE>
	<TYPE code="10608000"></TYPE>
	<TYPE code="10608001"></TYPE>
	<TYPE code="10608002"></TYPE>
	<TYPE code="10608003"></TYPE>
	<TYPE code="10608004"></TYPE>
	<TYPE code="10608005"></TYPE>
	<TYPE code="10608006"></TYPE>
	<TYPE code="10608007"></TYPE>
	<TYPE code="10608008"></TYPE>
	<TYPE code="10609000">暗号化モジュールを使用する際に エラーが発生しました</TYPE>
	<TYPE code="10609001">暗号化モジュールを使用する際に エラーが発生しました</TYPE>
	<TYPE code="10609002">暗号化モジュールを使用する際に エラーが発生しました</TYPE>
	<TYPE code="10609003">暗号化モジュールを使用する際に エラーが発生しました</TYPE>
	<TYPE code="10609004">暗号化モジュールを使用する際に エラーが発生しました</TYPE>
	<TYPE code="10609005">暗号化モジュールを使用する際に エラーが発生しました</TYPE>
	<TYPE code="10609006">暗号化モジュールを使用する際に エラーが発生しました</TYPE>
	<TYPE code="10609007">暗号化モジュールを使用する際に エラーが発生しました</TYPE>
	<TYPE code="10901000">サーバでクライアントとデータのやり取りをする際にネットワークエラーが発生しました。ネットワーク状態やサーバのプロトコルバージョンを確認してください</TYPE>
	<TYPE code="10902000">サーバでクライアントとデータのやり取りをする際にネットワークエラーが発生しました。ネットワーク状態やサーバのプロトコルバージョンを確認してください</TYPE>
	<TYPE code="10902001">クライアントでサーバからのデータ情報を読み込むことが出来ません</TYPE>
</SERVERMESSAGERESOURCE>
